Game,Subject_ethnicity,Recipient_Pairing,Recipient,Recipient_ethnicity,Amount,Fairness,Subject_Gender,Subject_Age,Subject_Education
1,Bosnjak,Bosnjak Croat,1,Bosnjak,5,0,1,20,3
1,Bosnjak,Bosnjak Croat,2,Croat,5,0,1,20,3
10,Bosnjak,Bosnjak Serb,1,Bosnjak,10,1,0,25,3
10,Bosnjak,Bosnjak Serb,2,Serb,0,1,0,25,3
100,Croat,Bosnjak Croat,1,Croat,10,1,0,48,3
100,Croat,Bosnjak Croat,2,Bosnjak,0,1,0,48,3
101,Croat,Bosnjak Serb,1,Serb,5,1,0,35,3
101,Croat,Bosnjak Serb,2,Bosnjak,5,1,0,35,3
102,Croat,Croat Serb,1,Serb,5,1,0,49,3
102,Croat,Croat Serb,2,Croat,5,1,0,49,3
103,Croat,Croat Serb,1,Croat,5,1,0,30,4
103,Croat,Croat Serb,2,Serb,5,1,0,30,4
104,Croat,Croat Serb,1,Croat,6,1,1,28,4
104,Croat,Croat Serb,2,Serb,4,1,1,28,4
105,Croat,Bosnjak Serb,1,Bosnjak,5,1,1,52,1
105,Croat,Bosnjak Serb,2,Serb,5,1,1,52,1
106,Croat,Bosnjak Serb,1,Serb,5,1,0,24,3
106,Croat,Bosnjak Serb,2,Bosnjak,5,1,0,24,3
107,Croat,Croat Serb,1,Serb,5,1,1,18,2
107,Croat,Croat Serb,2,Croat,5,1,1,18,2
108,Croat,Croat Serb,1,Serb,4,1,0,21,3
108,Croat,Croat Serb,2,Croat,6,1,0,21,3
109,Croat,Croat Serb,1,Serb,5,1,0,50,3
109,Croat,Croat Serb,2,Croat,5,1,0,50,3
11,Croat,Bosnjak Croat,1,Croat,5,1,0,46,4
11,Croat,Bosnjak Croat,2,Bosnjak,5,1,0,46,4
110,Croat,Bosnjak Serb,1,Serb,5,1,1,54,2
110,Croat,Bosnjak Serb,2,Bosnjak,5,1,1,54,2
111,Bosnjak,Bosnjak Croat,1,Bosnjak,7,1,1,31,4
111,Bosnjak,Bosnjak Croat,2,Croat,3,1,1,31,4
112,Bosnjak,Bosnjak Croat,1,Croat,2,1,1,37,3
112,Bosnjak,Bosnjak Croat,2,Bosnjak,8,1,1,37,3
113,Bosnjak,Bosnjak Croat,1,Bosnjak,8,1,1,36,3
113,Bosnjak,Bosnjak Croat,2,Croat,2,1,1,36,3
114,Bosnjak,Croat Serb,1,Serb,6,1,0,27,3
114,Bosnjak,Croat Serb,2,Croat,4,1,0,27,3
115,Bosnjak,Croat Serb,1,Serb,5,1,1,20,3
115,Bosnjak,Croat Serb,2,Croat,5,1,1,20,3
116,Bosnjak,Bosnjak Serb,1,Bosnjak,5,1,1,20,4
116,Bosnjak,Bosnjak Serb,2,Serb,5,1,1,20,4
117,Bosnjak,Bosnjak Serb,1,Serb,5,1,1,20,1
117,Bosnjak,Bosnjak Serb,2,Bosnjak,5,1,1,20,1
118,Bosnjak,Croat Serb,1,Croat,5,0,0,22,2
118,Bosnjak,Croat Serb,2,Serb,5,0,0,22,2
119,Bosnjak,Croat Serb,1,Serb,0,1,0,34,3
119,Bosnjak,Croat Serb,2,Croat,10,1,0,34,3
12,Croat,Bosnjak Serb,1,Serb,5,1,0,25,3
12,Croat,Bosnjak Serb,2,Bosnjak,5,1,0,25,3
120,Bosnjak,Bosnjak Serb,1,Serb,0,1,1,40,1
120,Bosnjak,Bosnjak Serb,2,Bosnjak,10,1,1,40,1
121,Bosnjak,Bosnjak Serb,1,Bosnjak,7,1,1,43,1
121,Bosnjak,Bosnjak Serb,2,Serb,3,1,1,43,1
122,Croat,Bosnjak Croat,1,Croat,5,0,1,29,3
122,Croat,Bosnjak Croat,2,Bosnjak,5,0,1,29,3
123,Croat,Bosnjak Croat,1,Bosnjak,5,1,1,53,2
123,Croat,Bosnjak Croat,2,Croat,5,1,1,53,2
124,Croat,Croat Serb,1,Serb,4,1,1,24,3
124,Croat,Croat Serb,2,Croat,6,1,1,24,3
125,Croat,Croat Serb,1,Serb,5,1,1,24,4
125,Croat,Croat Serb,2,Croat,5,1,1,24,4
126,Croat,Bosnjak Serb,1,Serb,5,1,1,36,4
126,Croat,Bosnjak Serb,2,Bosnjak,5,1,1,36,4
127,Croat,Bosnjak Serb,1,Serb,5,NA,1,39,3
127,Croat,Bosnjak Serb,2,Bosnjak,5,NA,1,39,3
128,Croat,Bosnjak Serb,1,Bosnjak,5,1,1,29,3
128,Croat,Bosnjak Serb,2,Serb,5,1,1,29,3
129,Croat,Croat Serb,1,Croat,5,1,0,27,3
129,Croat,Croat Serb,2,Serb,5,1,0,27,3
13,Bosnjak,Croat Serb,1,Croat,5,1,1,26,3
13,Bosnjak,Croat Serb,2,Serb,5,1,1,26,3
130,Croat,Croat Serb,1,Croat,5,1,0,18,3
130,Croat,Croat Serb,2,Serb,5,1,0,18,3
131,Croat,Bosnjak Serb,1,Bosnjak,5,1,0,28,3
131,Croat,Bosnjak Serb,2,Serb,5,1,0,28,3
132,Croat,Bosnjak Croat,1,Croat,7,1,1,21,3
132,Croat,Bosnjak Croat,2,Bosnjak,3,1,1,21,3
133,Croat,Bosnjak Croat,1,Croat,7,0,1,25,3
133,Croat,Bosnjak Croat,2,Bosnjak,3,0,1,25,3
134,Croat,Bosnjak Serb,1,Bosnjak,5,1,1,34,3
134,Croat,Bosnjak Serb,2,Serb,5,1,1,34,3
135,Croat,Bosnjak Serb,1,Serb,5,1,1,23,3
135,Croat,Bosnjak Serb,2,Bosnjak,5,1,1,23,3
136,Croat,Croat Serb,1,Serb,5,1,1,24,3
136,Croat,Croat Serb,2,Croat,5,1,1,24,3
137,Croat,Croat Serb,1,Croat,5,1,1,50,3
137,Croat,Croat Serb,2,Serb,5,1,1,50,3
138,Croat,Bosnjak Serb,1,Bosnjak,4,1,1,18,3
138,Croat,Bosnjak Serb,2,Serb,6,1,1,18,3
139,Croat,Bosnjak Serb,1,Bosnjak,5,1,1,22,3
139,Croat,Bosnjak Serb,2,Serb,5,1,1,22,3
14,Bosnjak,Bosnjak Croat,1,Croat,4,1,1,21,3
14,Bosnjak,Bosnjak Croat,2,Bosnjak,6,1,1,21,3
140,Croat,Croat Serb,1,Croat,6,1,1,22,3
140,Croat,Croat Serb,2,Serb,4,1,1,22,3
141,Croat,Croat Serb,1,Croat,6,1,1,25,3
141,Croat,Croat Serb,2,Serb,4,1,1,25,3
142,Croat,Croat Serb,1,Croat,5,0,0,51,3
142,Croat,Croat Serb,2,Serb,5,0,0,51,3
143,Croat,Bosnjak Croat,1,Croat,5,0,1,25,3
143,Croat,Bosnjak Croat,2,Bosnjak,5,0,1,25,3
144,Croat,Bosnjak Croat,1,Bosnjak,5,1,0,23,4
144,Croat,Bosnjak Croat,2,Croat,5,1,0,23,4
145,Croat,Bosnjak Croat,1,Croat,9,1,1,27,4
145,Croat,Bosnjak Croat,2,Bosnjak,1,1,1,27,4
146,Croat,Bosnjak Croat,1,Croat,5,1,0,27,3
146,Croat,Bosnjak Croat,2,Bosnjak,5,1,0,27,3
147,Croat,Bosnjak Serb,1,Bosnjak,5,1,1,23,4
147,Croat,Bosnjak Serb,2,Serb,5,1,1,23,4
148,Croat,Bosnjak Serb,1,Bosnjak,5,0,0,46,1
148,Croat,Bosnjak Serb,2,Serb,5,0,0,46,1
149,Croat,Croat Serb,1,Serb,5,0,0,43,3
149,Croat,Croat Serb,2,Croat,5,0,0,43,3
15,Croat,Croat Serb,1,Serb,4,1,0,26,3
15,Croat,Croat Serb,2,Croat,6,1,0,26,3
150,Croat,Croat Serb,1,Serb,5,1,0,26,4
150,Croat,Croat Serb,2,Croat,5,1,0,26,4
151,Croat,Bosnjak Serb,1,Bosnjak,5,1,0,24,3
151,Croat,Bosnjak Serb,2,Serb,5,1,0,24,3
152,Croat,Bosnjak Serb,1,Bosnjak,5,1,0,23,3
152,Croat,Bosnjak Serb,2,Serb,5,1,0,23,3
153,Croat,Croat Serb,1,Serb,5,1,0,22,3
153,Croat,Croat Serb,2,Croat,5,1,0,22,3
154,Bosnjak,Croat Serb,1,Serb,10,1,0,28,3
154,Bosnjak,Croat Serb,2,Croat,0,1,0,28,3
155,Bosnjak,Bosnjak Serb,1,Bosnjak,5,1,0,23,3
155,Bosnjak,Bosnjak Serb,2,Serb,5,1,0,23,3
156,Bosnjak,Bosnjak Croat,1,Croat,5,1,0,45,3
156,Bosnjak,Bosnjak Croat,2,Bosnjak,5,1,0,45,3
157,Bosnjak,Bosnjak Croat,1,Croat,5,0,0,37,1
157,Bosnjak,Bosnjak Croat,2,Bosnjak,5,0,0,37,1
158,Bosnjak,Bosnjak Croat,1,Croat,5,0,0,25,3
158,Bosnjak,Bosnjak Croat,2,Bosnjak,5,0,0,25,3
159,Bosnjak,Bosnjak Serb,1,Bosnjak,5,1,0,19,3
159,Bosnjak,Bosnjak Serb,2,Serb,5,1,0,19,3
16,Bosnjak,Croat Serb,1,Serb,7,0,1,48,3
16,Bosnjak,Croat Serb,2,Croat,3,0,1,48,3
160,Bosnjak,Croat Serb,1,Serb,5,1,0,24,3
160,Bosnjak,Croat Serb,2,Croat,5,1,0,24,3
161,Bosnjak,Bosnjak Serb,1,Bosnjak,5,1,0,24,3
161,Bosnjak,Bosnjak Serb,2,Serb,5,1,0,24,3
162,Bosnjak,Croat Serb,1,Serb,5,1,0,26,3
162,Bosnjak,Croat Serb,2,Croat,5,1,0,26,3
163,Bosnjak,Bosnjak Serb,1,Bosnjak,6,1,1,22,3
163,Bosnjak,Bosnjak Serb,2,Serb,4,1,1,22,3
164,Bosnjak,Bosnjak Serb,1,Bosnjak,6,1,1,21,3
164,Bosnjak,Bosnjak Serb,2,Serb,4,1,1,21,3
165,Bosnjak,Croat Serb,1,Croat,5,1,1,25,3
165,Bosnjak,Croat Serb,2,Serb,5,1,1,25,3
166,Bosnjak,Bosnjak Serb,1,Serb,5,1,1,35,3
166,Bosnjak,Bosnjak Serb,2,Bosnjak,5,1,1,35,3
167,Bosnjak,Bosnjak Serb,1,Bosnjak,5,1,1,42,4
167,Bosnjak,Bosnjak Serb,2,Serb,5,1,1,42,4
168,Bosnjak,Croat Serb,1,Croat,5,1,1,41,3
168,Bosnjak,Croat Serb,2,Serb,5,1,1,41,3
169,Bosnjak,Croat Serb,1,Serb,5,1,1,45,1
169,Bosnjak,Croat Serb,2,Croat,5,1,1,45,1
17,Croat,Croat Serb,1,Croat,5,1,0,25,3
17,Croat,Croat Serb,2,Serb,5,1,0,25,3
170,Bosnjak,Bosnjak Serb,1,Bosnjak,5,1,1,47,3
170,Bosnjak,Bosnjak Serb,2,Serb,5,1,1,47,3
171,Bosnjak,Bosnjak Croat,1,Croat,5,1,1,37,3
171,Bosnjak,Bosnjak Croat,2,Bosnjak,5,1,1,37,3
172,Bosnjak,Bosnjak Croat,1,Croat,3,1,1,48,1
172,Bosnjak,Bosnjak Croat,2,Bosnjak,7,1,1,48,1
173,Bosnjak,Bosnjak Croat,1,Bosnjak,5,1,1,40,3
173,Bosnjak,Bosnjak Croat,2,Croat,5,1,1,40,3
174,Bosnjak,Bosnjak Croat,1,Croat,5,0,0,40,1
174,Bosnjak,Bosnjak Croat,2,Bosnjak,5,0,0,40,1
175,Bosnjak,Croat Serb,1,Serb,5,1,1,54,3
175,Bosnjak,Croat Serb,2,Croat,5,1,1,54,3
176,Bosnjak,Bosnjak Serb,1,Bosnjak,5,1,1,25,2
176,Bosnjak,Bosnjak Serb,2,Serb,5,1,1,25,2
177,Bosnjak,Bosnjak Croat,1,Bosnjak,5,1,0,42,3
177,Bosnjak,Bosnjak Croat,2,Croat,5,1,0,42,3
178,Bosnjak,Bosnjak Croat,1,Croat,4,1,1,24,2
178,Bosnjak,Bosnjak Croat,2,Bosnjak,6,1,1,24,2
179,Bosnjak,Bosnjak Croat,1,Bosnjak,5,1,1,41,3
179,Bosnjak,Bosnjak Croat,2,Croat,5,1,1,41,3
18,Croat,Bosnjak Croat,1,Croat,5,1,1,50,4
18,Croat,Bosnjak Croat,2,Bosnjak,5,1,1,50,4
180,Bosnjak,Bosnjak Croat,1,Croat,5,1,1,20,3
180,Bosnjak,Bosnjak Croat,2,Bosnjak,5,1,1,20,3
181,Bosnjak,Croat Serb,1,Serb,5,1,0,23,3
181,Bosnjak,Croat Serb,2,Croat,5,1,0,23,3
182,Bosnjak,Croat Serb,1,Croat,8,1,1,45,3
182,Bosnjak,Croat Serb,2,Serb,2,1,1,45,3
183,Bosnjak,Croat Serb,1,Croat,5,0,0,42,3
183,Bosnjak,Croat Serb,2,Serb,5,0,0,42,3
184,Bosnjak,Bosnjak Serb,1,Bosnjak,5,0,1,19,3
184,Bosnjak,Bosnjak Serb,2,Serb,5,0,1,19,3
185,Bosnjak,Bosnjak Serb,1,Bosnjak,5,0,0,24,3
185,Bosnjak,Bosnjak Serb,2,Serb,5,0,0,24,3
186,Bosnjak,Bosnjak Serb,1,Bosnjak,5,1,0,19,3
186,Bosnjak,Bosnjak Serb,2,Serb,5,1,0,19,3
187,Bosnjak,Croat Serb,1,Serb,5,1,0,19,3
187,Bosnjak,Croat Serb,2,Croat,5,1,0,19,3
188,Bosnjak,Bosnjak Serb,1,Serb,5,1,0,34,1
188,Bosnjak,Bosnjak Serb,2,Bosnjak,5,1,0,34,1
189,Bosnjak,Croat Serb,1,Serb,5,1,1,35,3
189,Bosnjak,Croat Serb,2,Croat,5,1,1,35,3
19,Croat,Croat Serb,1,Croat,5,1,0,35,3
19,Croat,Croat Serb,2,Serb,5,1,0,35,3
190,Bosnjak,Croat Serb,1,Croat,8,1,0,34,3
190,Bosnjak,Croat Serb,2,Serb,2,1,0,34,3
191,Bosnjak,Bosnjak Serb,1,Bosnjak,6,1,0,20,3
191,Bosnjak,Bosnjak Serb,2,Serb,4,1,0,20,3
192,Bosnjak,Bosnjak Serb,1,Serb,5,1,1,20,3
192,Bosnjak,Bosnjak Serb,2,Bosnjak,5,1,1,20,3
193,Bosnjak,Croat Serb,1,Croat,5,0,1,22,3
193,Bosnjak,Croat Serb,2,Serb,5,0,1,22,3
194,Bosnjak,Bosnjak Croat,1,Croat,5,1,1,23,3
194,Bosnjak,Bosnjak Croat,2,Bosnjak,5,1,1,23,3
195,Bosnjak,Bosnjak Croat,1,Bosnjak,5,0,0,42,3
195,Bosnjak,Bosnjak Croat,2,Croat,5,0,0,42,3
196,Bosnjak,Bosnjak Croat,1,Croat,1,1,0,52,3
196,Bosnjak,Bosnjak Croat,2,Bosnjak,9,1,0,52,3
197,Bosnjak,Bosnjak Croat,1,Croat,5,1,0,46,3
197,Bosnjak,Bosnjak Croat,2,Bosnjak,5,1,0,46,3
198,Bosnjak,Bosnjak Serb,1,Bosnjak,5,1,0,40,2
198,Bosnjak,Bosnjak Serb,2,Serb,5,1,0,40,2
199,Bosnjak,Bosnjak Serb,1,Serb,5,0,1,22,4
199,Bosnjak,Bosnjak Serb,2,Bosnjak,5,0,1,22,4
2,Bosnjak,Bosnjak Croat,1,Croat,3,0,0,26,3
2,Bosnjak,Bosnjak Croat,2,Bosnjak,7,0,0,26,3
20,Bosnjak,Croat Serb,1,Serb,2,1,1,21,3
20,Bosnjak,Croat Serb,2,Croat,8,1,1,21,3
200,Bosnjak,Bosnjak Croat,1,Croat,5,1,1,22,4
200,Bosnjak,Bosnjak Croat,2,Bosnjak,5,1,1,22,4
201,Bosnjak,Croat Serb,1,Serb,1,0,0,40,4
201,Bosnjak,Croat Serb,2,Croat,9,0,0,40,4
202,Bosnjak,Croat Serb,1,Croat,1,1,0,20,3
202,Bosnjak,Croat Serb,2,Serb,9,1,0,20,3
203,Bosnjak,Bosnjak Serb,1,Bosnjak,5,1,0,31,4
203,Bosnjak,Bosnjak Serb,2,Serb,5,1,0,31,4
204,Bosnjak,Bosnjak Serb,1,Serb,4,1,0,46,3
204,Bosnjak,Bosnjak Serb,2,Bosnjak,6,1,0,46,3
205,Bosnjak,Croat Serb,1,Croat,5,1,1,42,3
205,Bosnjak,Croat Serb,2,Serb,5,1,1,42,3
206,Bosnjak,Croat Serb,1,Croat,5,0,1,54,1
206,Bosnjak,Croat Serb,2,Serb,5,0,1,54,1
207,Bosnjak,Bosnjak Serb,1,Bosnjak,5,1,1,28,2
207,Bosnjak,Bosnjak Serb,2,Serb,5,1,1,28,2
208,Bosnjak,Bosnjak Serb,1,Serb,5,1,1,30,4
208,Bosnjak,Bosnjak Serb,2,Bosnjak,5,1,1,30,4
209,Bosnjak,Bosnjak Serb,1,Bosnjak,7,1,0,48,3
209,Bosnjak,Bosnjak Serb,2,Serb,3,1,0,48,3
21,Bosnjak,Croat Serb,1,Croat,5,0,0,22,3
21,Bosnjak,Croat Serb,2,Serb,5,0,0,22,3
210,Bosnjak,Croat Serb,1,Serb,5,0,0,19,3
210,Bosnjak,Croat Serb,2,Croat,5,0,0,19,3
211,Bosnjak,Croat Serb,1,Croat,5,1,0,25,3
211,Bosnjak,Croat Serb,2,Serb,5,1,0,25,3
212,Bosnjak,Bosnjak Croat,1,Bosnjak,5,0,1,39,3
212,Bosnjak,Bosnjak Croat,2,Croat,5,0,1,39,3
213,Bosnjak,Bosnjak Croat,1,Croat,5,1,1,37,4
213,Bosnjak,Bosnjak Croat,2,Bosnjak,5,1,1,37,4
214,Bosnjak,Bosnjak Croat,1,Croat,5,1,0,54,3
214,Bosnjak,Bosnjak Croat,2,Bosnjak,5,1,0,54,3
215,Bosnjak,Croat Serb,1,Croat,5,0,1,35,3
215,Bosnjak,Croat Serb,2,Serb,5,0,1,35,3
216,Bosnjak,Bosnjak Serb,1,Bosnjak,5,0,1,38,4
216,Bosnjak,Bosnjak Serb,2,Serb,5,0,1,38,4
217,Bosnjak,Bosnjak Croat,1,Bosnjak,5,1,1,28,3
217,Bosnjak,Bosnjak Croat,2,Croat,5,1,1,28,3
218,Bosnjak,Bosnjak Croat,1,Bosnjak,5,1,0,33,3
218,Bosnjak,Bosnjak Croat,2,Croat,5,1,0,33,3
219,Bosnjak,Bosnjak Croat,1,Bosnjak,5,1,0,21,3
219,Bosnjak,Bosnjak Croat,2,Croat,5,1,0,21,3
22,Bosnjak,Bosnjak Serb,1,Serb,3,1,1,21,3
22,Bosnjak,Bosnjak Serb,2,Bosnjak,7,1,1,21,3
220,Bosnjak,Bosnjak Croat,1,Croat,5,0,1,24,3
220,Bosnjak,Bosnjak Croat,2,Bosnjak,5,0,1,24,3
221,Bosnjak,Bosnjak Serb,1,Serb,5,1,1,28,3
221,Bosnjak,Bosnjak Serb,2,Bosnjak,5,1,1,28,3
222,Bosnjak,Bosnjak Serb,1,Bosnjak,10,1,1,48,4
222,Bosnjak,Bosnjak Serb,2,Serb,0,1,1,48,4
223,Bosnjak,Croat Serb,1,Serb,5,0,0,34,3
223,Bosnjak,Croat Serb,2,Croat,5,0,0,34,3
224,Bosnjak,Croat Serb,1,Croat,5,0,0,32,3
224,Bosnjak,Croat Serb,2,Serb,5,0,0,32,3
225,Croat,Croat Serb,1,Serb,0,1,1,53,4
225,Croat,Croat Serb,2,Croat,10,1,1,53,4
226,Croat,Croat Serb,1,Croat,10,1,1,45,3
226,Croat,Croat Serb,2,Serb,0,1,1,45,3
227,Croat,Bosnjak Serb,1,Bosnjak,6,0,0,23,3
227,Croat,Bosnjak Serb,2,Serb,4,0,0,23,3
228,Croat,Croat Serb,1,Croat,5,0,0,22,3
228,Croat,Croat Serb,2,Serb,5,0,0,22,3
229,Croat,Croat Serb,1,Serb,5,0,1,44,4
229,Croat,Croat Serb,2,Croat,5,0,1,44,4
23,Croat,Bosnjak Serb,1,Bosnjak,5,1,1,44,4
23,Croat,Bosnjak Serb,2,Serb,5,1,1,44,4
230,Croat,Bosnjak Serb,1,Bosnjak,5,0,0,28,3
230,Croat,Bosnjak Serb,2,Serb,5,0,0,28,3
231,Croat,Bosnjak Serb,1,Bosnjak,6,1,0,28,3
231,Croat,Bosnjak Serb,2,Serb,4,1,0,28,3
232,Croat,Bosnjak Serb,1,Serb,5,1,0,28,3
232,Croat,Bosnjak Serb,2,Bosnjak,5,1,0,28,3
233,Croat,Bosnjak Croat,1,Bosnjak,5,1,1,35,4
233,Croat,Bosnjak Croat,2,Croat,5,1,1,35,4
234,Croat,Bosnjak Serb,1,Serb,5,0,1,46,4
234,Croat,Bosnjak Serb,2,Bosnjak,5,0,1,46,4
235,Croat,Croat Serb,1,Serb,5,1,1,54,1
235,Croat,Croat Serb,2,Croat,5,1,1,54,1
236,Croat,Croat Serb,1,Croat,5,1,0,26,3
236,Croat,Croat Serb,2,Serb,5,1,0,26,3
237,Croat,Bosnjak Croat,1,Bosnjak,0,1,0,25,3
237,Croat,Bosnjak Croat,2,Croat,10,1,0,25,3
238,Croat,Bosnjak Croat,1,Croat,5,1,1,19,3
238,Croat,Bosnjak Croat,2,Bosnjak,5,1,1,19,3
239,Croat,Bosnjak Croat,1,Croat,10,0,0,18,2
239,Croat,Bosnjak Croat,2,Bosnjak,0,0,0,18,2
24,Croat,Bosnjak Croat,1,Bosnjak,5,0,0,23,3
24,Croat,Bosnjak Croat,2,Croat,5,0,0,23,3
240,Croat,Bosnjak Croat,1,Bosnjak,5,1,1,20,3
240,Croat,Bosnjak Croat,2,Croat,5,1,1,20,3
241,Croat,Bosnjak Serb,1,Bosnjak,3,0,0,20,3
241,Croat,Bosnjak Serb,2,Serb,7,0,0,20,3
242,Croat,Croat Serb,1,Croat,5,1,0,35,3
242,Croat,Croat Serb,2,Serb,5,1,0,35,3
243,Croat,Bosnjak Serb,1,Serb,10,1,0,26,3
243,Croat,Bosnjak Serb,2,Bosnjak,0,1,0,26,3
244,Croat,Bosnjak Croat,1,Croat,10,0,1,38,3
244,Croat,Bosnjak Croat,2,Bosnjak,0,0,1,38,3
245,Croat,Bosnjak Croat,1,Croat,10,1,1,41,3
245,Croat,Bosnjak Croat,2,Bosnjak,0,1,1,41,3
246,Croat,Bosnjak Croat,1,Croat,5,0,1,42,1
246,Croat,Bosnjak Croat,2,Bosnjak,5,0,1,42,1
247,Serb,Bosnjak Serb,1,Serb,5,1,1,46,3
247,Serb,Bosnjak Serb,2,Bosnjak,5,1,1,46,3
248,Serb,Bosnjak Serb,1,Bosnjak,1,1,0,24,4
248,Serb,Bosnjak Serb,2,Serb,9,1,0,24,4
249,Serb,Croat Serb,1,Serb,6,1,0,40,4
249,Serb,Croat Serb,2,Croat,4,1,0,40,4
25,Bosnjak,Bosnjak Croat,1,Croat,5,1,0,25,3
25,Bosnjak,Bosnjak Croat,2,Bosnjak,5,1,0,25,3
250,Serb,Croat Serb,1,Croat,5,1,0,43,3
250,Serb,Croat Serb,2,Serb,5,1,0,43,3
251,Serb,Croat Serb,1,Serb,5,0,0,50,3
251,Serb,Croat Serb,2,Croat,5,0,0,50,3
252,Serb,Croat Serb,1,Serb,5,0,1,35,4
252,Serb,Croat Serb,2,Croat,5,0,1,35,4
253,Serb,Bosnjak Serb,1,Serb,5,1,1,29,3
253,Serb,Bosnjak Serb,2,Bosnjak,5,1,1,29,3
254,Serb,Bosnjak Croat,1,Croat,5,0,1,46,1
254,Serb,Bosnjak Croat,2,Bosnjak,5,0,1,46,1
255,Serb,Bosnjak Croat,1,Bosnjak,5,1,1,33,3
255,Serb,Bosnjak Croat,2,Croat,5,1,1,33,3
256,Serb,Bosnjak Serb,1,Bosnjak,4,1,1,25,3
256,Serb,Bosnjak Serb,2,Serb,6,1,1,25,3
257,Serb,Bosnjak Croat,1,Croat,5,0,0,35,4
257,Serb,Bosnjak Croat,2,Bosnjak,5,0,0,35,4
258,Serb,Croat Serb,1,Croat,5,1,1,26,4
258,Serb,Croat Serb,2,Serb,5,1,1,26,4
259,Serb,Croat Serb,1,Serb,5,1,0,34,3
259,Serb,Croat Serb,2,Croat,5,1,0,34,3
26,Bosnjak,Bosnjak Croat,1,Croat,5,1,1,25,4
26,Bosnjak,Bosnjak Croat,2,Bosnjak,5,1,1,25,4
260,Serb,Bosnjak Serb,1,Bosnjak,5,1,1,24,3
260,Serb,Bosnjak Serb,2,Serb,5,1,1,24,3
261,Serb,Bosnjak Serb,1,Serb,5,1,0,31,3
261,Serb,Bosnjak Serb,2,Bosnjak,5,1,0,31,3
262,Serb,Croat Serb,1,Serb,3,1,1,27,1
262,Serb,Croat Serb,2,Croat,7,1,1,27,1
263,Serb,Bosnjak Serb,1,Bosnjak,5,1,1,26,3
263,Serb,Bosnjak Serb,2,Serb,5,1,1,26,3
264,Serb,Croat Serb,1,Croat,3,0,0,25,3
264,Serb,Croat Serb,2,Serb,7,0,0,25,3
265,Serb,Bosnjak Serb,1,Bosnjak,5,1,0,40,4
265,Serb,Bosnjak Serb,2,Serb,5,1,0,40,4
266,Serb,Croat Serb,1,Croat,5,0,0,26,3
266,Serb,Croat Serb,2,Serb,5,0,0,26,3
267,Serb,Bosnjak Serb,1,Bosnjak,3,1,0,24,3
267,Serb,Bosnjak Serb,2,Serb,7,1,0,24,3
268,Serb,Bosnjak Croat,1,Bosnjak,5,1,1,29,4
268,Serb,Bosnjak Croat,2,Croat,5,1,1,29,4
269,Serb,Bosnjak Croat,1,Croat,5,1,1,50,3
269,Serb,Bosnjak Croat,2,Bosnjak,5,1,1,50,3
27,Bosnjak,Croat Serb,1,Croat,5,1,1,25,3
27,Bosnjak,Croat Serb,2,Serb,5,1,1,25,3
270,Serb,Bosnjak Croat,1,Bosnjak,5,1,1,40,3
270,Serb,Bosnjak Croat,2,Croat,5,1,1,40,3
271,Serb,Bosnjak Croat,1,Bosnjak,5,0,1,50,1
271,Serb,Bosnjak Croat,2,Croat,5,0,1,50,1
272,Serb,Croat Serb,1,Serb,4,1,1,40,4
272,Serb,Croat Serb,2,Croat,6,1,1,40,4
273,Serb,Bosnjak Serb,1,Serb,5,0,1,47,1
273,Serb,Bosnjak Serb,2,Bosnjak,5,0,1,47,1
274,Serb,Bosnjak Serb,1,Bosnjak,5,1,0,51,3
274,Serb,Bosnjak Serb,2,Serb,5,1,0,51,3
275,Serb,Bosnjak Serb,1,Serb,5,1,0,25,3
275,Serb,Bosnjak Serb,2,Bosnjak,5,1,0,25,3
276,Serb,Croat Serb,1,Serb,5,1,0,25,3
276,Serb,Croat Serb,2,Croat,5,1,0,25,3
277,Serb,Bosnjak Croat,1,Croat,5,1,0,35,4
277,Serb,Bosnjak Croat,2,Bosnjak,5,1,0,35,4
278,Serb,Bosnjak Croat,1,Croat,10,0,1,21,3
278,Serb,Bosnjak Croat,2,Bosnjak,0,0,1,21,3
279,Serb,Bosnjak Serb,1,Bosnjak,3,1,1,21,3
279,Serb,Bosnjak Serb,2,Serb,7,1,1,21,3
28,Bosnjak,Croat Serb,1,Croat,5,1,1,40,1
28,Bosnjak,Croat Serb,2,Serb,5,1,1,40,1
280,Serb,Bosnjak Serb,1,Bosnjak,0,1,0,36,3
280,Serb,Bosnjak Serb,2,Serb,10,1,0,36,3
281,Serb,Croat Serb,1,Croat,5,1,1,20,3
281,Serb,Croat Serb,2,Serb,5,1,1,20,3
282,Serb,Croat Serb,1,Serb,5,1,0,33,3
282,Serb,Croat Serb,2,Croat,5,1,0,33,3
283,Serb,Bosnjak Croat,1,Bosnjak,5,1,0,20,3
283,Serb,Bosnjak Croat,2,Croat,5,1,0,20,3
284,Serb,Bosnjak Croat,1,Croat,5,1,1,23,3
284,Serb,Bosnjak Croat,2,Bosnjak,5,1,1,23,3
285,Serb,Bosnjak Serb,1,Bosnjak,5,0,1,19,3
285,Serb,Bosnjak Serb,2,Serb,5,0,1,19,3
286,Serb,Bosnjak Serb,1,Serb,9,1,0,28,3
286,Serb,Bosnjak Serb,2,Bosnjak,1,1,0,28,3
287,Serb,Bosnjak Serb,1,Bosnjak,5,0,0,26,3
287,Serb,Bosnjak Serb,2,Serb,5,0,0,26,3
288,Serb,Croat Serb,1,Croat,5,1,1,22,3
288,Serb,Croat Serb,2,Serb,5,1,1,22,3
289,Serb,Croat Serb,1,Croat,5,1,0,20,3
289,Serb,Croat Serb,2,Serb,5,1,0,20,3
29,Croat,Croat Serb,1,Croat,5,1,1,22,3
29,Croat,Croat Serb,2,Serb,5,1,1,22,3
290,Serb,Bosnjak Serb,1,Serb,5,1,1,24,3
290,Serb,Bosnjak Serb,2,Bosnjak,5,1,1,24,3
291,Serb,Bosnjak Serb,1,Bosnjak,5,0,0,49,3
291,Serb,Bosnjak Serb,2,Serb,5,0,0,49,3
292,Serb,Croat Serb,1,Serb,5,1,0,54,3
292,Serb,Croat Serb,2,Croat,5,1,0,54,3
293,Serb,Croat Serb,1,Croat,5,1,1,25,3
293,Serb,Croat Serb,2,Serb,5,1,1,25,3
294,Serb,Bosnjak Croat,1,Bosnjak,5,1,1,44,3
294,Serb,Bosnjak Croat,2,Croat,5,1,1,44,3
295,Serb,Bosnjak Croat,1,Bosnjak,0,0,0,19,3
295,Serb,Bosnjak Croat,2,Croat,10,0,0,19,3
296,Serb,Bosnjak Croat,1,Croat,5,1,1,32,3
296,Serb,Bosnjak Croat,2,Bosnjak,5,1,1,32,3
297,Serb,Bosnjak Croat,1,Bosnjak,5,0,1,36,3
297,Serb,Bosnjak Croat,2,Croat,5,0,1,36,3
298,Serb,Bosnjak Serb,1,Bosnjak,5,1,0,52,3
298,Serb,Bosnjak Serb,2,Serb,5,1,0,52,3
299,Serb,Croat Serb,1,Serb,5,0,0,40,3
299,Serb,Croat Serb,2,Croat,5,0,0,40,3
3,Croat,Bosnjak Serb,1,Bosnjak,10,1,1,45,3
3,Croat,Bosnjak Serb,2,Serb,0,1,1,45,3
30,Croat,Croat Serb,1,Croat,5,0,1,45,3
30,Croat,Croat Serb,2,Serb,5,0,1,45,3
300,Serb,Bosnjak Croat,1,Bosnjak,5,1,0,33,3
300,Serb,Bosnjak Croat,2,Croat,5,1,0,33,3
301,Serb,Bosnjak Croat,1,Bosnjak,5,1,1,36,3
301,Serb,Bosnjak Croat,2,Croat,5,1,1,36,3
302,Serb,Bosnjak Croat,1,Bosnjak,5,1,0,54,3
302,Serb,Bosnjak Croat,2,Croat,5,1,0,54,3
303,Serb,Bosnjak Croat,1,Bosnjak,5,1,1,30,3
303,Serb,Bosnjak Croat,2,Croat,5,1,1,30,3
304,Serb,Bosnjak Croat,1,Croat,5,0,0,52,3
304,Serb,Bosnjak Croat,2,Bosnjak,5,0,0,52,3
305,Serb,Croat Serb,1,Croat,4,1,1,47,3
305,Serb,Croat Serb,2,Serb,6,1,1,47,3
306,Serb,Bosnjak Serb,1,Serb,7,0,1,40,3
306,Serb,Bosnjak Serb,2,Bosnjak,3,0,1,40,3
307,Serb,Bosnjak Serb,1,Serb,5,1,0,33,3
307,Serb,Bosnjak Serb,2,Bosnjak,5,1,0,33,3
308,Serb,Bosnjak Serb,1,Bosnjak,5,1,1,47,3
308,Serb,Bosnjak Serb,2,Serb,5,1,1,47,3
309,Serb,Croat Serb,1,Serb,8,1,0,25,3
309,Serb,Croat Serb,2,Croat,2,1,0,25,3
31,Bosnjak,Bosnjak Serb,1,Serb,5,0,0,22,3
31,Bosnjak,Bosnjak Serb,2,Bosnjak,5,0,0,22,3
310,Serb,Croat Serb,1,Croat,5,0,0,36,3
310,Serb,Croat Serb,2,Serb,5,0,0,36,3
311,Serb,Bosnjak Croat,1,Croat,5,0,1,27,3
311,Serb,Bosnjak Croat,2,Bosnjak,5,0,1,27,3
312,Serb,Croat Serb,1,Croat,5,1,1,54,3
312,Serb,Croat Serb,2,Serb,5,1,1,54,3
313,Serb,Croat Serb,1,Serb,5,1,0,54,4
313,Serb,Croat Serb,2,Croat,5,1,0,54,4
314,Serb,Bosnjak Croat,1,Croat,5,1,0,19,3
314,Serb,Bosnjak Croat,2,Bosnjak,5,1,0,19,3
315,Serb,Bosnjak Croat,1,Croat,5,1,0,23,3
315,Serb,Bosnjak Croat,2,Bosnjak,5,1,0,23,3
316,Serb,Bosnjak Croat,1,Croat,5,1,1,18,2
316,Serb,Bosnjak Croat,2,Bosnjak,5,1,1,18,2
317,Serb,Bosnjak Croat,1,Croat,6,1,0,53,3
317,Serb,Bosnjak Croat,2,Bosnjak,4,1,0,53,3
318,Serb,Bosnjak Croat,1,Croat,0,0,1,50,3
318,Serb,Bosnjak Croat,2,Bosnjak,10,0,1,50,3
319,Serb,Croat Serb,1,Serb,6,1,1,25,4
319,Serb,Croat Serb,2,Croat,4,1,1,25,4
32,Bosnjak,Bosnjak Serb,1,Serb,4,1,1,48,3
32,Bosnjak,Bosnjak Serb,2,Bosnjak,6,1,1,48,3
320,Serb,Croat Serb,1,Croat,4,1,1,27,4
320,Serb,Croat Serb,2,Serb,6,1,1,27,4
321,Serb,Bosnjak Serb,1,Bosnjak,5,1,1,24,3
321,Serb,Bosnjak Serb,2,Serb,5,1,1,24,3
322,Serb,Bosnjak Serb,1,Serb,8,1,1,25,3
322,Serb,Bosnjak Serb,2,Bosnjak,2,1,1,25,3
323,Serb,Bosnjak Serb,1,Serb,10,1,0,24,3
323,Serb,Bosnjak Serb,2,Bosnjak,0,1,0,24,3
324,Serb,Croat Serb,1,Serb,5,1,0,28,4
324,Serb,Croat Serb,2,Croat,5,1,0,28,4
325,Serb,Bosnjak Croat,1,Croat,5,0,0,39,3
325,Serb,Bosnjak Croat,2,Bosnjak,5,0,0,39,3
326,Serb,Bosnjak Croat,1,Croat,5,1,1,35,3
326,Serb,Bosnjak Croat,2,Bosnjak,5,1,1,35,3
327,Serb,Bosnjak Croat,1,Bosnjak,5,1,1,36,3
327,Serb,Bosnjak Croat,2,Croat,5,1,1,36,3
328,Serb,Croat Serb,1,Croat,3,1,1,39,3
328,Serb,Croat Serb,2,Serb,7,1,1,39,3
329,Serb,Croat Serb,1,Serb,5,1,1,50,3
329,Serb,Croat Serb,2,Croat,5,1,1,50,3
33,Serb,Croat Serb,1,Croat,3,0,0,22,3
33,Serb,Croat Serb,2,Serb,7,0,0,22,3
330,Serb,Bosnjak Serb,1,Bosnjak,2,0,0,35,4
330,Serb,Bosnjak Serb,2,Serb,8,0,0,35,4
331,Serb,Bosnjak Serb,1,Serb,7,1,1,23,3
331,Serb,Bosnjak Serb,2,Bosnjak,3,1,1,23,3
332,Serb,Croat Serb,1,Serb,5,1,0,27,4
332,Serb,Croat Serb,2,Croat,5,1,0,27,4
333,Serb,Croat Serb,1,Croat,5,1,0,23,3
333,Serb,Croat Serb,2,Serb,5,1,0,23,3
334,Serb,Bosnjak Serb,1,Bosnjak,5,0,0,23,3
334,Serb,Bosnjak Serb,2,Serb,5,0,0,23,3
335,Serb,Bosnjak Serb,1,Bosnjak,4,1,0,25,3
335,Serb,Bosnjak Serb,2,Serb,6,1,0,25,3
336,Bosnjak,Bosnjak Croat,1,Bosnjak,5,NA,1,55,4
336,Bosnjak,Bosnjak Croat,2,Croat,5,NA,1,55,4
337,Bosnjak,Bosnjak Serb,1,Serb,3,0,1,25,3
337,Bosnjak,Bosnjak Serb,2,Bosnjak,7,0,1,25,3
338,Bosnjak,Croat Serb,1,Croat,5,0,1,45,3
338,Bosnjak,Croat Serb,2,Serb,5,0,1,45,3
339,Bosnjak,Croat Serb,1,Serb,3,0,0,20,3
339,Bosnjak,Croat Serb,2,Croat,7,0,0,20,3
34,Croat,Croat Serb,1,Croat,5,1,0,22,3
34,Croat,Croat Serb,2,Serb,5,1,0,22,3
340,Bosnjak,Bosnjak Serb,1,Serb,3,NA,0,21,3
340,Bosnjak,Bosnjak Serb,2,Bosnjak,7,NA,0,21,3
341,Bosnjak,Croat Serb,1,Croat,7,0,0,20,3
341,Bosnjak,Croat Serb,2,Serb,3,0,0,20,3
342,Bosnjak,Bosnjak Serb,1,Bosnjak,6,1,0,56,3
342,Bosnjak,Bosnjak Serb,2,Serb,4,1,0,56,3
343,Bosnjak,Croat Serb,1,Croat,5,0,0,48,4
343,Bosnjak,Croat Serb,2,Serb,5,0,0,48,4
344,Bosnjak,Bosnjak Serb,1,Bosnjak,7,0,0,52,4
344,Bosnjak,Bosnjak Serb,2,Serb,3,0,0,52,4
345,Bosnjak,Croat Serb,1,Serb,6,0,0,27,3
345,Bosnjak,Croat Serb,2,Croat,4,0,0,27,3
346,Bosnjak,Bosnjak Croat,1,Croat,5,NA,0,27,3
346,Bosnjak,Bosnjak Croat,2,Bosnjak,5,NA,0,27,3
347,Bosnjak,Bosnjak Croat,1,Croat,5,0,1,58,2
347,Bosnjak,Bosnjak Croat,2,Bosnjak,5,0,1,58,2
348,Croat,Bosnjak Croat,1,Croat,5,0,1,45,3
348,Croat,Bosnjak Croat,2,Bosnjak,5,0,1,45,3
349,Croat,Bosnjak Croat,1,Bosnjak,4,0,0,56,1
349,Croat,Bosnjak Croat,2,Croat,6,0,0,56,1
35,Serb,Bosnjak Serb,1,Serb,5,1,0,25,3
35,Serb,Bosnjak Serb,2,Bosnjak,5,1,0,25,3
350,Croat,Croat Serb,1,Croat,5,0,1,56,4
350,Croat,Croat Serb,2,Serb,5,0,1,56,4
351,Croat,Bosnjak Serb,1,Serb,5,0,0,48,3
351,Croat,Bosnjak Serb,2,Bosnjak,5,0,0,48,3
352,Bosnjak,Croat Serb,1,Serb,5,NA,0,41,3
352,Bosnjak,Croat Serb,2,Croat,5,NA,0,41,3
353,Serb,Bosnjak Serb,1,Bosnjak,2,1,0,26,3
353,Serb,Bosnjak Serb,2,Serb,8,1,0,26,3
354,Serb,Croat Serb,1,Serb,5,0,1,25,3
354,Serb,Croat Serb,2,Croat,5,0,1,25,3
355,Serb,Bosnjak Serb,1,Bosnjak,1,0,1,36,3
355,Serb,Bosnjak Serb,2,Serb,9,0,1,36,3
356,Serb,Croat Serb,1,Croat,5,0,0,25,3
356,Serb,Croat Serb,2,Serb,5,0,0,25,3
357,Serb,Bosnjak Serb,1,Bosnjak,3,0,0,36,4
357,Serb,Bosnjak Serb,2,Serb,7,0,0,36,4
358,Bosnjak,Bosnjak Croat,1,Bosnjak,5,NA,0,57,3
358,Bosnjak,Bosnjak Croat,2,Croat,5,NA,0,57,3
359,Bosnjak,Bosnjak Croat,1,Bosnjak,5,1,1,48,3
359,Bosnjak,Bosnjak Croat,2,Croat,5,1,1,48,3
36,Bosnjak,Croat Serb,1,Serb,1,1,0,51,4
36,Bosnjak,Croat Serb,2,Croat,9,1,0,51,4
360,Bosnjak,Bosnjak Serb,1,Serb,0,1,1,37,3
360,Bosnjak,Bosnjak Serb,2,Bosnjak,10,1,1,37,3
361,Bosnjak,Croat Serb,1,Croat,5,1,1,55,3
361,Bosnjak,Croat Serb,2,Serb,5,1,1,55,3
362,Bosnjak,Bosnjak Serb,1,Bosnjak,10,0,0,24,4
362,Bosnjak,Bosnjak Serb,2,Serb,0,0,0,24,4
363,Bosnjak,Croat Serb,1,Croat,7,0,1,31,3
363,Bosnjak,Croat Serb,2,Serb,3,0,1,31,3
364,Bosnjak,Bosnjak Serb,1,Bosnjak,5,NA,1,26,3
364,Bosnjak,Bosnjak Serb,2,Serb,5,NA,1,26,3
365,Bosnjak,Croat Serb,1,Serb,0,0,0,35,3
365,Bosnjak,Croat Serb,2,Croat,10,0,0,35,3
366,Bosnjak,Bosnjak Serb,1,Bosnjak,5,NA,1,49,2
366,Bosnjak,Bosnjak Serb,2,Serb,5,NA,1,49,2
367,Bosnjak,Croat Serb,1,Serb,5,0,1,44,3
367,Bosnjak,Croat Serb,2,Croat,5,0,1,44,3
368,Bosnjak,Bosnjak Croat,1,Bosnjak,5,0,0,56,3
368,Bosnjak,Bosnjak Croat,2,Croat,5,0,0,56,3
369,Bosnjak,Bosnjak Croat,1,Croat,5,0,0,45,3
369,Bosnjak,Bosnjak Croat,2,Bosnjak,5,0,0,45,3
37,Croat,Bosnjak Croat,1,Croat,5,1,1,46,3
37,Croat,Bosnjak Croat,2,Bosnjak,5,1,1,46,3
370,Bosnjak,Bosnjak Croat,1,Bosnjak,9,NA,0,56,4
370,Bosnjak,Bosnjak Croat,2,Croat,1,NA,0,56,4
371,Bosnjak,Bosnjak Croat,1,Croat,5,1,1,27,3
371,Bosnjak,Bosnjak Croat,2,Bosnjak,5,1,1,27,3
372,Bosnjak,Bosnjak Serb,1,Serb,4,0,0,32,3
372,Bosnjak,Bosnjak Serb,2,Bosnjak,6,0,0,32,3
373,Serb,Bosnjak Serb,1,Serb,5,0,0,21,2
373,Serb,Bosnjak Serb,2,Bosnjak,5,0,0,21,2
374,Serb,Croat Serb,1,Croat,5,0,0,22,2
374,Serb,Croat Serb,2,Serb,5,0,0,22,2
375,Serb,Bosnjak Serb,1,Serb,1,0,0,19,3
375,Serb,Bosnjak Serb,2,Bosnjak,9,0,0,19,3
376,Serb,Croat Serb,1,Croat,5,0,0,57,3
376,Serb,Croat Serb,2,Serb,5,0,0,57,3
377,Croat,Bosnjak Serb,1,Bosnjak,10,1,1,59,3
377,Croat,Bosnjak Serb,2,Serb,0,1,1,59,3
378,Croat,Croat Serb,1,Serb,1,NA,1,21,3
378,Croat,Croat Serb,2,Croat,9,NA,1,21,3
379,Croat,Bosnjak Serb,1,Serb,1,1,0,45,3
379,Croat,Bosnjak Serb,2,Bosnjak,9,1,0,45,3
38,Bosnjak,Bosnjak Croat,1,Croat,5,1,1,34,3
38,Bosnjak,Bosnjak Croat,2,Bosnjak,5,1,1,34,3
380,Croat,Croat Serb,1,Serb,5,1,0,22,3
380,Croat,Croat Serb,2,Croat,5,1,0,22,3
381,Croat,Bosnjak Croat,1,Bosnjak,4,0,1,45,4
381,Croat,Bosnjak Croat,2,Croat,6,0,1,45,4
382,Serb,Bosnjak Croat,1,Bosnjak,3,1,1,47,3
382,Serb,Bosnjak Croat,2,Croat,7,1,1,47,3
383,Serb,Bosnjak Croat,1,Bosnjak,8,0,0,34,3
383,Serb,Bosnjak Croat,2,Croat,2,0,0,34,3
384,Serb,Bosnjak Croat,1,Bosnjak,4,NA,1,49,3
384,Serb,Bosnjak Croat,2,Croat,6,NA,1,49,3
385,Croat,Bosnjak Serb,1,Bosnjak,5,NA,1,44,3
385,Croat,Bosnjak Serb,2,Serb,5,NA,1,44,3
386,Croat,Croat Serb,1,Croat,5,NA,1,20,3
386,Croat,Croat Serb,2,Serb,5,NA,1,20,3
387,Croat,Bosnjak Serb,1,Bosnjak,5,1,0,65,3
387,Croat,Bosnjak Serb,2,Serb,5,1,0,65,3
388,Croat,Croat Serb,1,Croat,5,0,1,24,3
388,Croat,Croat Serb,2,Serb,5,0,1,24,3
389,Croat,Bosnjak Serb,1,Bosnjak,5,0,0,21,2
389,Croat,Bosnjak Serb,2,Serb,5,0,0,21,2
39,Croat,Bosnjak Croat,1,Bosnjak,5,1,1,25,3
39,Croat,Bosnjak Croat,2,Croat,5,1,1,25,3
390,Croat,Croat Serb,1,Croat,5,1,0,26,4
390,Croat,Croat Serb,2,Serb,5,1,0,26,4
391,Croat,Bosnjak Serb,1,Serb,5,1,0,22,4
391,Croat,Bosnjak Serb,2,Bosnjak,5,1,0,22,4
392,Croat,Croat Serb,1,Serb,5,0,1,47,3
392,Croat,Croat Serb,2,Croat,5,0,1,47,3
393,Croat,Bosnjak Croat,1,Bosnjak,5,1,0,55,3
393,Croat,Bosnjak Croat,2,Croat,5,1,0,55,3
394,Croat,Bosnjak Croat,1,Bosnjak,6,1,0,60,1
394,Croat,Bosnjak Croat,2,Croat,4,1,0,60,1
395,Bosnjak,Bosnjak Croat,1,Croat,5,0,0,56,3
395,Bosnjak,Bosnjak Croat,2,Bosnjak,5,0,0,56,3
396,Bosnjak,Bosnjak Croat,1,Croat,5,1,0,26,3
396,Bosnjak,Bosnjak Croat,2,Bosnjak,5,1,0,26,3
397,Bosnjak,Bosnjak Croat,1,Croat,5,0,0,55,3
397,Bosnjak,Bosnjak Croat,2,Bosnjak,5,0,0,55,3
398,Bosnjak,Bosnjak Croat,1,Croat,5,0,0,42,4
398,Bosnjak,Bosnjak Croat,2,Bosnjak,5,0,0,42,4
399,Bosnjak,Bosnjak Serb,1,Bosnjak,5,0,0,24,3
399,Bosnjak,Bosnjak Serb,2,Serb,5,0,0,24,3
4,Bosnjak,Bosnjak Serb,1,Serb,5,1,0,40,3
4,Bosnjak,Bosnjak Serb,2,Bosnjak,5,1,0,40,3
40,Bosnjak,Bosnjak Croat,1,Bosnjak,9,0,1,20,4
40,Bosnjak,Bosnjak Croat,2,Croat,1,0,1,20,4
400,Bosnjak,Croat Serb,1,Serb,5,NA,0,25,3
400,Bosnjak,Croat Serb,2,Croat,5,NA,0,25,3
401,Bosnjak,Bosnjak Serb,1,Bosnjak,10,0,0,38,3
401,Bosnjak,Bosnjak Serb,2,Serb,0,0,0,38,3
402,Bosnjak,Croat Serb,1,Croat,9,1,0,33,3
402,Bosnjak,Croat Serb,2,Serb,1,1,0,33,3
403,Bosnjak,Bosnjak Serb,1,Bosnjak,5,1,1,29,3
403,Bosnjak,Bosnjak Serb,2,Serb,5,1,1,29,3
404,Bosnjak,Croat Serb,1,Croat,7,NA,1,55,3
404,Bosnjak,Croat Serb,2,Serb,3,NA,1,55,3
405,Bosnjak,Bosnjak Serb,1,Bosnjak,8,1,0,53,1
405,Bosnjak,Bosnjak Serb,2,Serb,2,1,0,53,1
406,Bosnjak,Croat Serb,1,Serb,5,1,1,46,4
406,Bosnjak,Croat Serb,2,Croat,5,1,1,46,4
407,Bosnjak,Bosnjak Croat,1,Bosnjak,4,0,1,36,4
407,Bosnjak,Bosnjak Croat,2,Croat,6,0,1,36,4
408,Bosnjak,Bosnjak Croat,1,Croat,5,0,1,57,3
408,Bosnjak,Bosnjak Croat,2,Bosnjak,5,0,1,57,3
409,Serb,Bosnjak Croat,1,Bosnjak,0,0,0,24,3
409,Serb,Bosnjak Croat,2,Croat,10,0,0,24,3
41,Bosnjak,Bosnjak Croat,1,Croat,0,1,0,23,4
41,Bosnjak,Bosnjak Croat,2,Bosnjak,10,1,0,23,4
410,Serb,Bosnjak Croat,1,Bosnjak,6,0,1,25,3
410,Serb,Bosnjak Croat,2,Croat,4,0,1,25,3
411,Bosnjak,Bosnjak Serb,1,Bosnjak,5,1,1,51,1
411,Bosnjak,Bosnjak Serb,2,Serb,5,1,1,51,1
412,Serb,Croat Serb,1,Serb,5,1,1,51,3
412,Serb,Croat Serb,2,Croat,5,1,1,51,3
413,Serb,Bosnjak Serb,1,Bosnjak,5,0,1,51,1
413,Serb,Bosnjak Serb,2,Serb,5,0,1,51,1
414,Bosnjak,Croat Serb,1,Croat,5,NA,0,35,4
414,Bosnjak,Croat Serb,2,Serb,5,NA,0,35,4
415,Serb,Croat Serb,1,Serb,5,0,1,41,4
415,Serb,Croat Serb,2,Croat,5,0,1,41,4
416,Serb,Bosnjak Serb,1,Bosnjak,5,1,1,39,3
416,Serb,Bosnjak Serb,2,Serb,5,1,1,39,3
417,Serb,Croat Serb,1,Croat,1,0,0,36,4
417,Serb,Croat Serb,2,Serb,9,0,0,36,4
418,Bosnjak,Bosnjak Serb,1,Bosnjak,5,1,0,56,3
418,Bosnjak,Bosnjak Serb,2,Serb,5,1,0,56,3
419,Serb,Croat Serb,1,Serb,7,0,0,25,3
419,Serb,Croat Serb,2,Croat,3,0,0,25,3
42,Bosnjak,Bosnjak Serb,1,Serb,5,1,0,22,3
42,Bosnjak,Bosnjak Serb,2,Bosnjak,5,1,0,22,3
420,Serb,Bosnjak Serb,1,Serb,5,NA,0,24,3
420,Serb,Bosnjak Serb,2,Bosnjak,5,NA,0,24,3
421,Serb,Croat Serb,1,Croat,1,0,0,18,2
421,Serb,Croat Serb,2,Serb,9,0,0,18,2
422,Bosnjak,Bosnjak Croat,1,Croat,5,0,0,37,3
422,Bosnjak,Bosnjak Croat,2,Bosnjak,5,0,0,37,3
423,Bosnjak,Bosnjak Croat,1,Bosnjak,5,0,0,25,3
423,Bosnjak,Bosnjak Croat,2,Croat,5,0,0,25,3
424,Serb,Bosnjak Croat,1,Croat,3,0,0,26,3
424,Serb,Bosnjak Croat,2,Bosnjak,7,0,0,26,3
425,Bosnjak,Bosnjak Croat,1,Bosnjak,3,0,1,30,3
425,Bosnjak,Bosnjak Croat,2,Croat,7,0,1,30,3
426,Bosnjak,Bosnjak Croat,1,Bosnjak,5,NA,1,26,2
426,Bosnjak,Bosnjak Croat,2,Croat,5,NA,1,26,2
427,Bosnjak,Croat Serb,1,Serb,5,1,1,53,2
427,Bosnjak,Croat Serb,2,Croat,5,1,1,53,2
428,Bosnjak,Bosnjak Serb,1,Serb,5,1,0,44,1
428,Bosnjak,Bosnjak Serb,2,Bosnjak,5,1,0,44,1
429,Bosnjak,Croat Serb,1,Serb,5,1,1,44,3
429,Bosnjak,Croat Serb,2,Croat,5,1,1,44,3
43,Croat,Bosnjak Serb,1,Serb,3,1,0,23,3
43,Croat,Bosnjak Serb,2,Bosnjak,7,1,0,23,3
430,Bosnjak,Bosnjak Serb,1,Serb,5,0,1,44,3
430,Bosnjak,Bosnjak Serb,2,Bosnjak,5,0,1,44,3
431,Serb,Bosnjak Serb,1,Bosnjak,5,NA,0,19,3
431,Serb,Bosnjak Serb,2,Serb,5,NA,0,19,3
432,Serb,Bosnjak Croat,1,Bosnjak,5,0,0,19,2
432,Serb,Bosnjak Croat,2,Croat,5,0,0,19,2
433,Serb,Bosnjak Croat,1,Bosnjak,5,0,1,51,4
433,Serb,Bosnjak Croat,2,Croat,5,0,1,51,4
434,Serb,Bosnjak Croat,1,Bosnjak,5,0,1,50,2
434,Serb,Bosnjak Croat,2,Croat,5,0,1,50,2
435,Serb,Bosnjak Croat,1,Croat,5,1,1,58,4
435,Serb,Bosnjak Croat,2,Bosnjak,5,1,1,58,4
436,Serb,Bosnjak Croat,1,Croat,5,1,1,68,4
436,Serb,Bosnjak Croat,2,Bosnjak,5,1,1,68,4
437,Serb,Bosnjak Serb,1,Bosnjak,3,1,0,27,3
437,Serb,Bosnjak Serb,2,Serb,7,1,0,27,3
438,Serb,Croat Serb,1,Croat,2,1,0,75,4
438,Serb,Croat Serb,2,Serb,8,1,0,75,4
439,Serb,Bosnjak Croat,1,Bosnjak,4,1,0,77,4
439,Serb,Bosnjak Croat,2,Croat,6,1,0,77,4
44,Croat,Bosnjak Serb,1,Bosnjak,9,1,1,35,4
44,Croat,Bosnjak Serb,2,Serb,1,1,1,35,4
440,Serb,Bosnjak Croat,1,Bosnjak,5,1,0,45,3
440,Serb,Bosnjak Croat,2,Croat,5,1,0,45,3
441,Serb,Bosnjak Serb,1,Serb,6,0,0,36,3
441,Serb,Bosnjak Serb,2,Bosnjak,4,0,0,36,3
442,Serb,Croat Serb,1,Croat,0,0,0,32,4
442,Serb,Croat Serb,2,Serb,10,0,0,32,4
443,Serb,Bosnjak Serb,1,Serb,6,0,1,57,3
443,Serb,Bosnjak Serb,2,Bosnjak,4,0,1,57,3
444,Serb,Croat Serb,1,Serb,4,1,0,29,4
444,Serb,Croat Serb,2,Croat,6,1,0,29,4
445,Serb,Bosnjak Serb,1,Bosnjak,5,1,1,46,4
445,Serb,Bosnjak Serb,2,Serb,5,1,1,46,4
446,Serb,Croat Serb,1,Croat,3,0,1,36,4
446,Serb,Croat Serb,2,Serb,7,0,1,36,4
447,Serb,Bosnjak Serb,1,Bosnjak,3,0,0,27,3
447,Serb,Bosnjak Serb,2,Serb,7,0,0,27,3
448,Serb,Croat Serb,1,Serb,5,1,0,76,3
448,Serb,Croat Serb,2,Croat,5,1,0,76,3
449,Serb,Bosnjak Serb,1,Serb,9,0,1,19,2
449,Serb,Bosnjak Serb,2,Bosnjak,1,0,1,19,2
45,Serb,Bosnjak Serb,1,Bosnjak,10,0,1,53,3
45,Serb,Bosnjak Serb,2,Serb,0,0,1,53,3
450,Serb,Croat Serb,1,Serb,5,1,0,26,3
450,Serb,Croat Serb,2,Croat,5,1,0,26,3
451,Serb,Croat Serb,1,Croat,1,0,1,35,4
451,Serb,Croat Serb,2,Serb,9,0,1,35,4
452,Serb,Bosnjak Serb,1,Bosnjak,4,0,1,26,3
452,Serb,Bosnjak Serb,2,Serb,6,0,1,26,3
453,Serb,Bosnjak Serb,1,Serb,5,1,1,24,3
453,Serb,Bosnjak Serb,2,Bosnjak,5,1,1,24,3
454,Serb,Croat Serb,1,Croat,6,1,1,55,3
454,Serb,Croat Serb,2,Serb,4,1,1,55,3
455,Serb,Bosnjak Serb,1,Bosnjak,2,0,0,27,3
455,Serb,Bosnjak Serb,2,Serb,8,0,0,27,3
456,Serb,Bosnjak Serb,1,Serb,6,1,0,51,4
456,Serb,Bosnjak Serb,2,Bosnjak,4,1,0,51,4
457,Serb,Bosnjak Serb,1,Serb,5,0,0,36,3
457,Serb,Bosnjak Serb,2,Bosnjak,5,0,0,36,3
458,Serb,Croat Serb,1,Croat,5,0,0,37,3
458,Serb,Croat Serb,2,Serb,5,0,0,37,3
459,Serb,Croat Serb,1,Serb,5,1,1,53,4
459,Serb,Croat Serb,2,Croat,5,1,1,53,4
46,Bosnjak,Bosnjak Serb,1,Serb,5,1,1,43,3
46,Bosnjak,Bosnjak Serb,2,Bosnjak,5,1,1,43,3
460,Serb,Bosnjak Serb,1,Serb,5,1,1,40,1
460,Serb,Bosnjak Serb,2,Bosnjak,5,1,1,40,1
461,Serb,Croat Serb,1,Serb,7,0,0,23,4
461,Serb,Croat Serb,2,Croat,3,0,0,23,4
462,Serb,Bosnjak Croat,1,Bosnjak,4,0,0,23,3
462,Serb,Bosnjak Croat,2,Croat,6,0,0,23,3
463,Serb,Bosnjak Serb,1,Bosnjak,5,0,0,25,3
463,Serb,Bosnjak Serb,2,Serb,5,0,0,25,3
464,Serb,Bosnjak Croat,1,Croat,3,0,0,30,4
464,Serb,Bosnjak Croat,2,Bosnjak,7,0,0,30,4
465,Serb,Bosnjak Croat,1,Croat,5,1,1,23,3
465,Serb,Bosnjak Croat,2,Bosnjak,5,1,1,23,3
466,Serb,Croat Serb,1,Serb,5,0,0,26,3
466,Serb,Croat Serb,2,Croat,5,0,0,26,3
467,Serb,Croat Serb,1,Serb,5,NA,1,25,3
467,Serb,Croat Serb,2,Croat,5,NA,1,25,3
468,Serb,Bosnjak Serb,1,Serb,5,1,0,58,3
468,Serb,Bosnjak Serb,2,Bosnjak,5,1,0,58,3
469,Serb,Bosnjak Croat,1,Croat,5,0,1,45,3
469,Serb,Bosnjak Croat,2,Bosnjak,5,0,1,45,3
47,Bosnjak,Croat Serb,1,Croat,7,1,0,27,3
47,Bosnjak,Croat Serb,2,Serb,3,1,0,27,3
470,Serb,Croat Serb,1,Croat,5,0,1,44,3
470,Serb,Croat Serb,2,Serb,5,0,1,44,3
471,Serb,Bosnjak Croat,1,Croat,4,0,1,60,4
471,Serb,Bosnjak Croat,2,Bosnjak,6,0,1,60,4
472,Serb,Bosnjak Serb,1,Bosnjak,5,0,1,55,3
472,Serb,Bosnjak Serb,2,Serb,5,0,1,55,3
473,Serb,Bosnjak Croat,1,Croat,5,0,0,25,4
473,Serb,Bosnjak Croat,2,Bosnjak,5,0,0,25,4
474,Serb,Bosnjak Croat,1,Croat,9,0,0,45,3
474,Serb,Bosnjak Croat,2,Bosnjak,1,0,0,45,3
475,Serb,Croat Serb,1,Serb,5,0,0,41,3
475,Serb,Croat Serb,2,Croat,5,0,0,41,3
476,Serb,Bosnjak Serb,1,Serb,6,0,0,58,4
476,Serb,Bosnjak Serb,2,Bosnjak,4,0,0,58,4
477,Croat,Croat Serb,1,Serb,0,1,0,46,3
477,Croat,Croat Serb,2,Croat,10,1,0,46,3
478,Croat,Bosnjak Serb,1,Bosnjak,1,NA,1,36,3
478,Croat,Bosnjak Serb,2,Serb,9,NA,1,36,3
479,Croat,Bosnjak Croat,1,Bosnjak,0,0,0,37,3
479,Croat,Bosnjak Croat,2,Croat,10,0,0,37,3
48,Serb,Croat Serb,1,Croat,5,1,0,21,4
48,Serb,Croat Serb,2,Serb,5,1,0,21,4
480,Croat,Bosnjak Croat,1,Croat,3,0,0,46,1
480,Croat,Bosnjak Croat,2,Bosnjak,7,0,0,46,1
481,Croat,Bosnjak Croat,1,Croat,5,1,1,64,2
481,Croat,Bosnjak Croat,2,Bosnjak,5,1,1,64,2
482,Croat,Croat Serb,1,Serb,3,NA,1,21,3
482,Croat,Croat Serb,2,Croat,7,NA,1,21,3
483,Croat,Bosnjak Serb,1,Bosnjak,4,0,1,56,1
483,Croat,Bosnjak Serb,2,Serb,6,0,1,56,1
484,Croat,Bosnjak Croat,1,Croat,5,1,0,29,3
484,Croat,Bosnjak Croat,2,Bosnjak,5,1,0,29,3
485,Croat,Bosnjak Croat,1,Croat,5,1,1,38,3
485,Croat,Bosnjak Croat,2,Bosnjak,5,1,1,38,3
486,Croat,Bosnjak Serb,1,Serb,5,NA,1,21,3
486,Croat,Bosnjak Serb,2,Bosnjak,5,NA,1,21,3
487,Croat,Croat Serb,1,Croat,4,NA,0,33,3
487,Croat,Croat Serb,2,Serb,6,NA,0,33,3
488,Bosnjak,Croat Serb,1,Serb,8,0,0,32,3
488,Bosnjak,Croat Serb,2,Croat,2,0,0,32,3
489,Bosnjak,Bosnjak Serb,1,Serb,5,NA,0,23,3
489,Bosnjak,Bosnjak Serb,2,Bosnjak,5,NA,0,23,3
49,Croat,Croat Serb,1,Serb,5,1,0,33,4
49,Croat,Croat Serb,2,Croat,5,1,0,33,4
490,Bosnjak,Croat Serb,1,Serb,5,1,0,44,3
490,Bosnjak,Croat Serb,2,Croat,5,1,0,44,3
491,Bosnjak,Bosnjak Serb,1,Serb,5,0,0,60,3
491,Bosnjak,Bosnjak Serb,2,Bosnjak,5,0,0,60,3
492,Bosnjak,Croat Serb,1,Serb,5,0,1,26,4
492,Bosnjak,Croat Serb,2,Croat,5,0,1,26,4
493,Bosnjak,Bosnjak Serb,1,Bosnjak,5,0,1,22,3
493,Bosnjak,Bosnjak Serb,2,Serb,5,0,1,22,3
494,Bosnjak,Croat Serb,1,Serb,5,0,1,28,3
494,Bosnjak,Croat Serb,2,Croat,5,0,1,28,3
495,Bosnjak,Bosnjak Serb,1,Bosnjak,10,1,1,52,3
495,Bosnjak,Bosnjak Serb,2,Serb,0,1,1,52,3
496,Bosnjak,Croat Serb,1,Serb,5,1,1,44,3
496,Bosnjak,Croat Serb,2,Croat,5,1,1,44,3
497,Bosnjak,Bosnjak Croat,1,Bosnjak,5,0,1,50,3
497,Bosnjak,Bosnjak Croat,2,Croat,5,0,1,50,3
498,Bosnjak,Bosnjak Croat,1,Bosnjak,4,0,1,51,4
498,Bosnjak,Bosnjak Croat,2,Croat,6,0,1,51,4
499,Bosnjak,Bosnjak Croat,1,Croat,3,0,1,20,3
499,Bosnjak,Bosnjak Croat,2,Bosnjak,7,0,1,20,3
5,Bosnjak,Bosnjak Serb,1,Bosnjak,7,1,0,23,4
5,Bosnjak,Bosnjak Serb,2,Serb,3,1,0,23,4
50,Bosnjak,Bosnjak Serb,1,Bosnjak,5,1,0,35,3
50,Bosnjak,Bosnjak Serb,2,Serb,5,1,0,35,3
500,Bosnjak,Bosnjak Croat,1,Croat,5,NA,0,45,1
500,Bosnjak,Bosnjak Croat,2,Bosnjak,5,NA,0,45,1
501,Bosnjak,Croat Serb,1,Croat,5,0,1,20,3
501,Bosnjak,Croat Serb,2,Serb,5,0,1,20,3
502,Bosnjak,Bosnjak Serb,1,Bosnjak,10,0,1,53,3
502,Bosnjak,Bosnjak Serb,2,Serb,0,0,1,53,3
503,Bosnjak,Croat Serb,1,Croat,0,0,1,31,4
503,Bosnjak,Croat Serb,2,Serb,10,0,1,31,4
504,Bosnjak,Bosnjak Serb,1,Bosnjak,6,1,0,25,3
504,Bosnjak,Bosnjak Serb,2,Serb,4,1,0,25,3
505,Bosnjak,Croat Serb,1,Serb,5,0,0,54,3
505,Bosnjak,Croat Serb,2,Croat,5,0,0,54,3
506,Croat,Bosnjak Serb,1,Serb,5,NA,0,54,3
506,Croat,Bosnjak Serb,2,Bosnjak,5,NA,0,54,3
507,Croat,Croat Serb,1,Serb,5,0,1,56,3
507,Croat,Croat Serb,2,Croat,5,0,1,56,3
508,Croat,Croat Serb,1,Serb,3,0,0,30,3
508,Croat,Croat Serb,2,Croat,7,0,0,30,3
509,Croat,Bosnjak Serb,1,Bosnjak,4,0,1,35,3
509,Croat,Bosnjak Serb,2,Serb,6,0,1,35,3
51,Bosnjak,Bosnjak Serb,1,Serb,5,1,1,36,3
51,Bosnjak,Bosnjak Serb,2,Bosnjak,5,1,1,36,3
510,Bosnjak,Bosnjak Croat,1,Bosnjak,6,0,1,41,3
510,Bosnjak,Bosnjak Croat,2,Croat,4,0,1,41,3
511,Bosnjak,Bosnjak Croat,1,Bosnjak,5,1,0,29,2
511,Bosnjak,Bosnjak Croat,2,Croat,5,1,0,29,2
512,Bosnjak,Bosnjak Croat,1,Bosnjak,5,0,0,41,3
512,Bosnjak,Bosnjak Croat,2,Croat,5,0,0,41,3
513,Bosnjak,Croat Serb,1,Serb,5,1,1,36,3
513,Bosnjak,Croat Serb,2,Croat,5,1,1,36,3
514,Croat,Bosnjak Croat,1,Croat,5,NA,0,28,3
514,Croat,Bosnjak Croat,2,Bosnjak,5,NA,0,28,3
515,Croat,Croat Serb,1,Serb,0,0,1,35,4
515,Croat,Croat Serb,2,Croat,10,0,1,35,4
516,Croat,Bosnjak Serb,1,Bosnjak,0,0,1,19,2
516,Croat,Bosnjak Serb,2,Serb,10,0,1,19,2
517,Croat,Croat Serb,1,Serb,2,0,1,26,4
517,Croat,Croat Serb,2,Croat,8,0,1,26,4
518,Croat,Bosnjak Serb,1,Serb,6,NA,0,29,3
518,Croat,Bosnjak Serb,2,Bosnjak,4,NA,0,29,3
519,Croat,Croat Serb,1,Serb,4,0,0,25,4
519,Croat,Croat Serb,2,Croat,6,0,0,25,4
52,Bosnjak,Croat Serb,1,Serb,5,1,0,38,2
52,Bosnjak,Croat Serb,2,Croat,5,1,0,38,2
520,Croat,Bosnjak Serb,1,Serb,5,0,1,28,3
520,Croat,Bosnjak Serb,2,Bosnjak,5,0,1,28,3
521,Croat,Bosnjak Serb,1,Serb,5,1,0,48,3
521,Croat,Bosnjak Serb,2,Bosnjak,5,1,0,48,3
522,Croat,Croat Serb,1,Croat,5,0,1,68,1
522,Croat,Croat Serb,2,Serb,5,0,1,68,1
523,Croat,Croat Serb,1,Croat,5,0,1,48,3
523,Croat,Croat Serb,2,Serb,5,0,1,48,3
524,Croat,Croat Serb,1,Croat,6,0,1,44,3
524,Croat,Croat Serb,2,Serb,4,0,1,44,3
525,Croat,Bosnjak Croat,1,Bosnjak,5,0,1,71,3
525,Croat,Bosnjak Croat,2,Croat,5,0,1,71,3
526,Croat,Bosnjak Croat,1,Croat,5,1,1,19,3
526,Croat,Bosnjak Croat,2,Bosnjak,5,1,1,19,3
527,Croat,Bosnjak Croat,1,Croat,5,0,1,19,1
527,Croat,Bosnjak Croat,2,Bosnjak,5,0,1,19,1
528,Croat,Croat Serb,1,Serb,8,1,1,19,1
528,Croat,Croat Serb,2,Croat,2,1,1,19,1
529,Croat,Bosnjak Serb,1,Serb,9,1,1,50,1
529,Croat,Bosnjak Serb,2,Bosnjak,1,1,1,50,1
53,Bosnjak,Bosnjak Croat,1,Croat,5,1,0,19,2
53,Bosnjak,Bosnjak Croat,2,Bosnjak,5,1,0,19,2
530,Croat,Bosnjak Serb,1,Bosnjak,5,0,1,19,3
530,Croat,Bosnjak Serb,2,Serb,5,0,1,19,3
531,Croat,Bosnjak Serb,1,Bosnjak,5,0,0,52,1
531,Croat,Bosnjak Serb,2,Serb,5,0,0,52,1
532,Croat,Croat Serb,1,Croat,10,0,0,26,4
532,Croat,Croat Serb,2,Serb,0,0,0,26,4
533,Croat,Bosnjak Serb,1,Serb,5,1,0,40,3
533,Croat,Bosnjak Serb,2,Bosnjak,5,1,0,40,3
534,Croat,Bosnjak Croat,1,Bosnjak,0,0,1,31,3
534,Croat,Bosnjak Croat,2,Croat,10,0,1,31,3
535,Croat,Croat Serb,1,Serb,5,0,1,35,3
535,Croat,Croat Serb,2,Croat,5,0,1,35,3
536,Croat,Bosnjak Serb,1,Bosnjak,5,0,0,38,3
536,Croat,Bosnjak Serb,2,Serb,5,0,0,38,3
537,Croat,Bosnjak Serb,1,Bosnjak,5,0,1,28,3
537,Croat,Bosnjak Serb,2,Serb,5,0,1,28,3
538,Croat,Bosnjak Serb,1,Bosnjak,5,1,1,32,3
538,Croat,Bosnjak Serb,2,Serb,5,1,1,32,3
539,Croat,Bosnjak Serb,1,Serb,5,0,0,46,1
539,Croat,Bosnjak Serb,2,Bosnjak,5,0,0,46,1
54,Bosnjak,Bosnjak Croat,1,Croat,5,1,1,20,3
54,Bosnjak,Bosnjak Croat,2,Bosnjak,5,1,1,20,3
540,Croat,Croat Serb,1,Serb,4,NA,0,35,3
540,Croat,Croat Serb,2,Croat,6,NA,0,35,3
541,Croat,Bosnjak Serb,1,Serb,5,1,0,51,3
541,Croat,Bosnjak Serb,2,Bosnjak,5,1,0,51,3
542,Croat,Bosnjak Croat,1,Croat,5,NA,0,70,3
542,Croat,Bosnjak Croat,2,Bosnjak,5,NA,0,70,3
543,Croat,Croat Serb,1,Serb,5,0,0,44,3
543,Croat,Croat Serb,2,Croat,5,0,0,44,3
544,Croat,Croat Serb,1,Serb,5,0,1,52,1
544,Croat,Croat Serb,2,Croat,5,0,1,52,1
545,Croat,Bosnjak Serb,1,Bosnjak,4,0,1,47,2
545,Croat,Bosnjak Serb,2,Serb,6,0,1,47,2
546,Croat,Croat Serb,1,Croat,5,0,1,33,4
546,Croat,Croat Serb,2,Serb,5,0,1,33,4
547,Croat,Bosnjak Serb,1,Serb,5,0,1,38,4
547,Croat,Bosnjak Serb,2,Bosnjak,5,0,1,38,4
548,Croat,Bosnjak Serb,1,Bosnjak,5,1,1,39,3
548,Croat,Bosnjak Serb,2,Serb,5,1,1,39,3
549,Croat,Croat Serb,1,Serb,5,1,1,52,2
549,Croat,Croat Serb,2,Croat,5,1,1,52,2
55,Bosnjak,Bosnjak Croat,1,Croat,5,1,1,18,2
55,Bosnjak,Bosnjak Croat,2,Bosnjak,5,1,1,18,2
550,Croat,Bosnjak Croat,1,Croat,5,NA,0,63,4
550,Croat,Bosnjak Croat,2,Bosnjak,5,NA,0,63,4
551,Croat,Bosnjak Croat,1,Croat,5,0,1,56,1
551,Croat,Bosnjak Croat,2,Bosnjak,5,0,1,56,1
552,Croat,Bosnjak Croat,1,Croat,5,0,1,60,2
552,Croat,Bosnjak Croat,2,Bosnjak,5,0,1,60,2
553,Croat,Croat Serb,1,Croat,7,NA,0,67,3
553,Croat,Croat Serb,2,Serb,3,NA,0,67,3
554,Croat,Bosnjak Serb,1,Serb,10,NA,0,65,3
554,Croat,Bosnjak Serb,2,Bosnjak,0,NA,0,65,3
555,Croat,Croat Serb,1,Croat,10,0,1,39,2
555,Croat,Croat Serb,2,Serb,0,0,1,39,2
556,Croat,Bosnjak Croat,1,Bosnjak,4,0,0,33,3
556,Croat,Bosnjak Croat,2,Croat,6,0,0,33,3
557,Croat,Bosnjak Croat,1,Bosnjak,0,0,1,52,1
557,Croat,Bosnjak Croat,2,Croat,10,0,1,52,1
558,Croat,Bosnjak Serb,1,Bosnjak,5,0,1,28,3
558,Croat,Bosnjak Serb,2,Serb,5,0,1,28,3
559,Croat,Croat Serb,1,Serb,0,0,1,34,3
559,Croat,Croat Serb,2,Croat,10,0,1,34,3
56,Bosnjak,Bosnjak Croat,1,Croat,3,1,0,18,2
56,Bosnjak,Bosnjak Croat,2,Bosnjak,7,1,0,18,2
560,Croat,Bosnjak Serb,1,Bosnjak,5,0,1,48,3
560,Croat,Bosnjak Serb,2,Serb,5,0,1,48,3
561,Croat,Bosnjak Croat,1,Croat,5,NA,0,23,3
561,Croat,Bosnjak Croat,2,Bosnjak,5,NA,0,23,3
562,Croat,Bosnjak Croat,1,Bosnjak,3,1,0,24,3
562,Croat,Bosnjak Croat,2,Croat,7,1,0,24,3
563,Serb,Bosnjak Serb,1,Bosnjak,5,1,0,20,3
563,Serb,Bosnjak Serb,2,Serb,5,1,0,20,3
564,Serb,Croat Serb,1,Croat,0,0,0,26,3
564,Serb,Croat Serb,2,Serb,10,0,0,26,3
565,Serb,Croat Serb,1,Serb,5,0,0,68,4
565,Serb,Croat Serb,2,Croat,5,0,0,68,4
566,Serb,Bosnjak Serb,1,Serb,7,0,0,37,4
566,Serb,Bosnjak Serb,2,Bosnjak,3,0,0,37,4
567,Serb,Croat Serb,1,Serb,5,1,0,45,3
567,Serb,Croat Serb,2,Croat,5,1,0,45,3
568,Serb,Bosnjak Serb,1,Serb,5,1,0,29,3
568,Serb,Bosnjak Serb,2,Bosnjak,5,1,0,29,3
569,Serb,Bosnjak Serb,1,Bosnjak,3,1,0,71,3
569,Serb,Bosnjak Serb,2,Serb,7,1,0,71,3
57,Bosnjak,Bosnjak Serb,1,Serb,5,0,0,18,1
57,Bosnjak,Bosnjak Serb,2,Bosnjak,5,0,0,18,1
570,Serb,Bosnjak Serb,1,Serb,5,0,0,22,3
570,Serb,Bosnjak Serb,2,Bosnjak,5,0,0,22,3
571,Serb,Bosnjak Serb,1,Bosnjak,4,0,0,22,3
571,Serb,Bosnjak Serb,2,Serb,6,0,0,22,3
572,Serb,Croat Serb,1,Serb,0,0,1,21,1
572,Serb,Croat Serb,2,Croat,10,0,1,21,1
573,Serb,Bosnjak Serb,1,Serb,5,1,0,42,3
573,Serb,Bosnjak Serb,2,Bosnjak,5,1,0,42,3
574,Serb,Bosnjak Croat,1,Bosnjak,5,1,0,34,3
574,Serb,Bosnjak Croat,2,Croat,5,1,0,34,3
575,Serb,Bosnjak Croat,1,Bosnjak,7,0,0,53,4
575,Serb,Bosnjak Croat,2,Croat,3,0,0,53,4
576,Serb,Bosnjak Croat,1,Bosnjak,5,0,1,38,3
576,Serb,Bosnjak Croat,2,Croat,5,0,1,38,3
577,Serb,Bosnjak Croat,1,Bosnjak,5,0,1,53,4
577,Serb,Bosnjak Croat,2,Croat,5,0,1,53,4
578,Serb,Croat Serb,1,Croat,5,0,0,19,2
578,Serb,Croat Serb,2,Serb,5,0,0,19,2
579,Serb,Croat Serb,1,Croat,5,1,1,35,3
579,Serb,Croat Serb,2,Serb,5,1,1,35,3
58,Bosnjak,Bosnjak Serb,1,Bosnjak,5,0,1,31,4
58,Bosnjak,Bosnjak Serb,2,Serb,5,0,1,31,4
580,Serb,Croat Serb,1,Croat,5,NA,1,61,2
580,Serb,Croat Serb,2,Serb,5,NA,1,61,2
581,Bosnjak,Bosnjak Serb,1,Serb,4,0,0,38,1
581,Bosnjak,Bosnjak Serb,2,Bosnjak,6,0,0,38,1
582,Bosnjak,Croat Serb,1,Croat,6,0,0,48,3
582,Bosnjak,Croat Serb,2,Serb,4,0,0,48,3
583,Bosnjak,Bosnjak Serb,1,Serb,2,0,1,20,3
583,Bosnjak,Bosnjak Serb,2,Bosnjak,8,0,1,20,3
584,Bosnjak,Croat Serb,1,Serb,5,1,0,45,3
584,Bosnjak,Croat Serb,2,Croat,5,1,0,45,3
585,Bosnjak,Bosnjak Croat,1,Croat,2,0,0,23,3
585,Bosnjak,Bosnjak Croat,2,Bosnjak,8,0,0,23,3
586,Bosnjak,Bosnjak Croat,1,Bosnjak,6,0,0,23,3
586,Bosnjak,Bosnjak Croat,2,Croat,4,0,0,23,3
587,Bosnjak,Bosnjak Croat,1,Bosnjak,5,1,0,54,3
587,Bosnjak,Bosnjak Croat,2,Croat,5,1,0,54,3
588,Bosnjak,Bosnjak Croat,1,Bosnjak,5,1,0,33,3
588,Bosnjak,Bosnjak Croat,2,Croat,5,1,0,33,3
589,Bosnjak,Bosnjak Croat,1,Bosnjak,5,1,0,55,3
589,Bosnjak,Bosnjak Croat,2,Croat,5,1,0,55,3
59,Bosnjak,Croat Serb,1,Serb,4,0,0,52,4
59,Bosnjak,Croat Serb,2,Croat,6,0,0,52,4
590,Bosnjak,Bosnjak Croat,1,Croat,0,1,0,42,3
590,Bosnjak,Bosnjak Croat,2,Bosnjak,10,1,0,42,3
591,Bosnjak,Bosnjak Serb,1,Serb,5,0,0,41,3
591,Bosnjak,Bosnjak Serb,2,Bosnjak,5,0,0,41,3
592,Bosnjak,Croat Serb,1,Serb,5,0,0,28,1
592,Bosnjak,Croat Serb,2,Croat,5,0,0,28,1
593,Croat,Bosnjak Serb,1,Serb,3,1,1,60,3
593,Croat,Bosnjak Serb,2,Bosnjak,7,1,1,60,3
594,Bosnjak,Croat Serb,1,Serb,2,0,1,42,3
594,Bosnjak,Croat Serb,2,Croat,8,0,1,42,3
595,Bosnjak,Croat Serb,1,Croat,5,1,0,35,3
595,Bosnjak,Croat Serb,2,Serb,5,1,0,35,3
596,Bosnjak,Croat Serb,1,Croat,5,0,0,21,3
596,Bosnjak,Croat Serb,2,Serb,5,0,0,21,3
597,Bosnjak,Bosnjak Serb,1,Bosnjak,6,1,0,24,3
597,Bosnjak,Bosnjak Serb,2,Serb,4,1,0,24,3
598,Serb,Bosnjak Serb,1,Bosnjak,6,0,1,30,4
598,Serb,Bosnjak Serb,2,Serb,4,0,1,30,4
599,Serb,Croat Serb,1,Serb,6,NA,1,30,3
599,Serb,Croat Serb,2,Croat,4,NA,1,30,3
6,Croat,Bosnjak Serb,1,Bosnjak,10,1,1,51,3
6,Croat,Bosnjak Serb,2,Serb,0,1,1,51,3
60,Bosnjak,Croat Serb,1,Croat,6,1,0,45,3
60,Bosnjak,Croat Serb,2,Serb,4,1,0,45,3
600,Serb,Bosnjak Serb,1,Bosnjak,5,0,0,31,3
600,Serb,Bosnjak Serb,2,Serb,5,0,0,31,3
601,Serb,Croat Serb,1,Croat,5,1,1,45,3
601,Serb,Croat Serb,2,Serb,5,1,1,45,3
602,Serb,Bosnjak Serb,1,Serb,0,NA,1,38,3
602,Serb,Bosnjak Serb,2,Bosnjak,10,NA,1,38,3
603,Serb,Bosnjak Serb,1,Bosnjak,5,NA,1,47,3
603,Serb,Bosnjak Serb,2,Serb,5,NA,1,47,3
604,Serb,Croat Serb,1,Croat,0,NA,0,54,3
604,Serb,Croat Serb,2,Serb,10,NA,0,54,3
605,Serb,Croat Serb,1,Serb,5,0,1,50,1
605,Serb,Croat Serb,2,Croat,5,0,1,50,1
606,Serb,Bosnjak Croat,1,Croat,5,1,0,64,3
606,Serb,Bosnjak Croat,2,Bosnjak,5,1,0,64,3
607,Serb,Bosnjak Croat,1,Bosnjak,5,1,1,44,3
607,Serb,Bosnjak Croat,2,Croat,5,1,1,44,3
608,Serb,Bosnjak Croat,1,Croat,5,0,1,37,3
608,Serb,Bosnjak Croat,2,Bosnjak,5,0,1,37,3
609,Serb,Bosnjak Serb,1,Serb,5,1,0,34,3
609,Serb,Bosnjak Serb,2,Bosnjak,5,1,0,34,3
61,Croat,Croat Serb,1,Serb,5,1,1,36,3
61,Croat,Croat Serb,2,Croat,5,1,1,36,3
610,Serb,Croat Serb,1,Serb,5,1,0,35,3
610,Serb,Croat Serb,2,Croat,5,1,0,35,3
611,Serb,Croat Serb,1,Croat,5,0,1,67,1
611,Serb,Croat Serb,2,Serb,5,0,1,67,1
612,Serb,Bosnjak Serb,1,Bosnjak,5,0,1,45,3
612,Serb,Bosnjak Serb,2,Serb,5,0,1,45,3
613,Serb,Bosnjak Croat,1,Bosnjak,9,0,1,43,3
613,Serb,Bosnjak Croat,2,Croat,1,0,1,43,3
614,Serb,Bosnjak Croat,1,Bosnjak,5,NA,0,73,3
614,Serb,Bosnjak Croat,2,Croat,5,NA,0,73,3
615,Serb,Bosnjak Croat,1,Croat,5,0,1,23,3
615,Serb,Bosnjak Croat,2,Bosnjak,5,0,1,23,3
616,Serb,Bosnjak Croat,1,Bosnjak,5,0,1,30,3
616,Serb,Bosnjak Croat,2,Croat,5,0,1,30,3
617,Serb,Croat Serb,1,Serb,7,1,0,32,4
617,Serb,Croat Serb,2,Croat,3,1,0,32,4
618,Serb,Bosnjak Serb,1,Serb,8,0,1,70,1
618,Serb,Bosnjak Serb,2,Bosnjak,2,0,1,70,1
619,Serb,Croat Serb,1,Croat,5,1,0,35,3
619,Serb,Croat Serb,2,Serb,5,1,0,35,3
62,Croat,Bosnjak Croat,1,Croat,5,1,0,37,3
62,Croat,Bosnjak Croat,2,Bosnjak,5,1,0,37,3
620,Serb,Bosnjak Serb,1,Serb,5,NA,0,22,3
620,Serb,Bosnjak Serb,2,Bosnjak,5,NA,0,22,3
621,Serb,Croat Serb,1,Croat,5,1,0,26,3
621,Serb,Croat Serb,2,Serb,5,1,0,26,3
622,Bosnjak,Bosnjak Serb,1,Bosnjak,5,1,0,66,4
622,Bosnjak,Bosnjak Serb,2,Serb,5,1,0,66,4
623,Croat,Croat Serb,1,Croat,5,NA,1,22,3
623,Croat,Croat Serb,2,Serb,5,NA,1,22,3
624,Croat,Bosnjak Serb,1,Serb,5,1,1,18,2
624,Croat,Bosnjak Serb,2,Bosnjak,5,1,1,18,2
625,Croat,Bosnjak Croat,1,Bosnjak,5,1,0,22,3
625,Croat,Bosnjak Croat,2,Croat,5,1,0,22,3
626,Croat,Bosnjak Croat,1,Croat,5,1,1,55,4
626,Croat,Bosnjak Croat,2,Bosnjak,5,1,1,55,4
627,Croat,Bosnjak Serb,1,Bosnjak,4,0,0,71,4
627,Croat,Bosnjak Serb,2,Serb,6,0,0,71,4
628,Croat,Croat Serb,1,Croat,5,0,1,24,3
628,Croat,Croat Serb,2,Serb,5,0,1,24,3
629,Bosnjak,Bosnjak Croat,1,Croat,5,NA,1,23,4
629,Bosnjak,Bosnjak Croat,2,Bosnjak,5,NA,1,23,4
63,Croat,Bosnjak Croat,1,Bosnjak,3,1,0,45,3
63,Croat,Bosnjak Croat,2,Croat,7,1,0,45,3
630,Bosnjak,Bosnjak Croat,1,Croat,5,0,1,23,3
630,Bosnjak,Bosnjak Croat,2,Bosnjak,5,0,1,23,3
631,Bosnjak,Croat Serb,1,Croat,6,0,0,59,4
631,Bosnjak,Croat Serb,2,Serb,4,0,0,59,4
632,Serb,Bosnjak Serb,1,Serb,5,1,1,44,4
632,Serb,Bosnjak Serb,2,Bosnjak,5,1,1,44,4
633,Serb,Croat Serb,1,Serb,5,1,1,23,3
633,Serb,Croat Serb,2,Croat,5,1,1,23,3
634,Bosnjak,Bosnjak Serb,1,Serb,3,0,0,21,4
634,Bosnjak,Bosnjak Serb,2,Bosnjak,7,0,0,21,4
635,Serb,Croat Serb,1,Croat,4,1,0,19,3
635,Serb,Croat Serb,2,Serb,6,1,0,19,3
636,Bosnjak,Bosnjak Croat,1,Bosnjak,5,1,0,61,3
636,Bosnjak,Bosnjak Croat,2,Croat,5,1,0,61,3
637,Bosnjak,Croat Serb,1,Croat,5,1,0,19,3
637,Bosnjak,Croat Serb,2,Serb,5,1,0,19,3
638,Serb,Bosnjak Croat,1,Croat,5,NA,1,51,4
638,Serb,Bosnjak Croat,2,Bosnjak,5,NA,1,51,4
639,Croat,Bosnjak Croat,1,Bosnjak,5,1,1,49,3
639,Croat,Bosnjak Croat,2,Croat,5,1,1,49,3
64,Croat,Bosnjak Croat,1,Croat,5,1,1,45,3
64,Croat,Bosnjak Croat,2,Bosnjak,5,1,1,45,3
640,Croat,Croat Serb,1,Croat,5,NA,0,18,3
640,Croat,Croat Serb,2,Serb,5,NA,0,18,3
641,Bosnjak,Bosnjak Serb,1,Bosnjak,10,NA,0,23,3
641,Bosnjak,Bosnjak Serb,2,Serb,0,NA,0,23,3
642,Bosnjak,Croat Serb,1,Serb,5,1,0,23,3
642,Bosnjak,Croat Serb,2,Croat,5,1,0,23,3
643,Bosnjak,Bosnjak Serb,1,Bosnjak,5,0,0,18,2
643,Bosnjak,Bosnjak Serb,2,Serb,5,0,0,18,2
644,Bosnjak,Bosnjak Croat,1,Croat,5,1,1,60,3
644,Bosnjak,Bosnjak Croat,2,Bosnjak,5,1,1,60,3
645,Bosnjak,Bosnjak Serb,1,Serb,5,1,0,46,3
645,Bosnjak,Bosnjak Serb,2,Bosnjak,5,1,0,46,3
646,Bosnjak,Bosnjak Serb,1,Serb,4,0,0,22,3
646,Bosnjak,Bosnjak Serb,2,Bosnjak,6,0,0,22,3
647,Bosnjak,Croat Serb,1,Croat,5,1,1,21,4
647,Bosnjak,Croat Serb,2,Serb,5,1,1,21,4
648,Bosnjak,Bosnjak Serb,1,Serb,4,NA,1,22,4
648,Bosnjak,Bosnjak Serb,2,Bosnjak,6,NA,1,22,4
649,Croat,Croat Serb,1,Serb,5,1,0,68,4
649,Croat,Croat Serb,2,Croat,5,1,0,68,4
65,Croat,Bosnjak Croat,1,Croat,5,1,0,29,3
65,Croat,Bosnjak Croat,2,Bosnjak,5,1,0,29,3
650,Bosnjak,Bosnjak Serb,1,Serb,6,1,0,35,3
650,Bosnjak,Bosnjak Serb,2,Bosnjak,4,1,0,35,3
651,Croat,Croat Serb,1,Croat,6,1,1,70,4
651,Croat,Croat Serb,2,Serb,4,1,1,70,4
652,Bosnjak,Bosnjak Serb,1,Bosnjak,5,1,1,40,4
652,Bosnjak,Bosnjak Serb,2,Serb,5,1,1,40,4
653,Croat,Croat Serb,1,Croat,5,0,0,58,4
653,Croat,Croat Serb,2,Serb,5,0,0,58,4
654,Serb,Bosnjak Serb,1,Bosnjak,5,0,0,72,4
654,Serb,Bosnjak Serb,2,Serb,5,0,0,72,4
655,Croat,Croat Serb,1,Serb,0,0,0,65,4
655,Croat,Croat Serb,2,Croat,10,0,0,65,4
656,Serb,Bosnjak Croat,1,Croat,5,1,0,18,3
656,Serb,Bosnjak Croat,2,Bosnjak,5,1,0,18,3
657,Serb,Bosnjak Croat,1,Bosnjak,5,1,0,45,3
657,Serb,Bosnjak Croat,2,Croat,5,1,0,45,3
658,Serb,Bosnjak Croat,1,Bosnjak,5,1,1,45,3
658,Serb,Bosnjak Croat,2,Croat,5,1,1,45,3
659,Bosnjak,Bosnjak Croat,1,Croat,5,0,0,29,3
659,Bosnjak,Bosnjak Croat,2,Bosnjak,5,0,0,29,3
66,Bosnjak,Bosnjak Serb,1,Serb,5,1,0,50,3
66,Bosnjak,Bosnjak Serb,2,Bosnjak,5,1,0,50,3
660,Serb,Bosnjak Serb,1,Bosnjak,5,1,1,45,3
660,Serb,Bosnjak Serb,2,Serb,5,1,1,45,3
661,Serb,Bosnjak Croat,1,Croat,5,0,1,20,1
661,Serb,Bosnjak Croat,2,Bosnjak,5,0,1,20,1
662,Bosnjak,Bosnjak Croat,1,Croat,5,NA,1,54,3
662,Bosnjak,Bosnjak Croat,2,Bosnjak,5,NA,1,54,3
663,Bosnjak,Bosnjak Croat,1,Bosnjak,5,0,0,32,3
663,Bosnjak,Bosnjak Croat,2,Croat,5,0,0,32,3
664,Bosnjak,Bosnjak Croat,1,Croat,5,1,1,57,2
664,Bosnjak,Bosnjak Croat,2,Bosnjak,5,1,1,57,2
665,Bosnjak,Bosnjak Serb,1,Bosnjak,5,0,1,21,3
665,Bosnjak,Bosnjak Serb,2,Serb,5,0,1,21,3
666,Bosnjak,Croat Serb,1,Croat,5,0,1,21,4
666,Bosnjak,Croat Serb,2,Serb,5,0,1,21,4
667,Bosnjak,Bosnjak Serb,1,Serb,5,1,0,19,2
667,Bosnjak,Bosnjak Serb,2,Bosnjak,5,1,0,19,2
668,Bosnjak,Croat Serb,1,Serb,5,1,0,39,3
668,Bosnjak,Croat Serb,2,Croat,5,1,0,39,3
669,Bosnjak,Bosnjak Serb,1,Serb,5,1,0,21,3
669,Bosnjak,Bosnjak Serb,2,Bosnjak,5,1,0,21,3
67,Croat,Bosnjak Serb,1,Serb,5,1,1,46,1
67,Croat,Bosnjak Serb,2,Bosnjak,5,1,1,46,1
670,Bosnjak,Croat Serb,1,Serb,5,1,0,22,3
670,Bosnjak,Croat Serb,2,Croat,5,1,0,22,3
671,Bosnjak,Bosnjak Serb,1,Serb,3,0,0,22,3
671,Bosnjak,Bosnjak Serb,2,Bosnjak,7,0,0,22,3
672,Bosnjak,Croat Serb,1,Croat,5,0,1,21,3
672,Bosnjak,Croat Serb,2,Serb,5,0,1,21,3
68,Croat,Croat Serb,1,Serb,5,1,0,18,3
68,Croat,Croat Serb,2,Croat,5,1,0,18,3
69,Croat,Croat Serb,1,Serb,5,1,1,23,3
69,Croat,Croat Serb,2,Croat,5,1,1,23,3
7,Croat,Bosnjak Croat,1,Croat,7,1,1,21,3
7,Croat,Bosnjak Croat,2,Bosnjak,3,1,1,21,3
70,Croat,Bosnjak Croat,1,Bosnjak,5,1,1,22,3
70,Croat,Bosnjak Croat,2,Croat,5,1,1,22,3
71,Croat,Bosnjak Croat,1,Croat,5,1,0,40,3
71,Croat,Bosnjak Croat,2,Bosnjak,5,1,0,40,3
72,Croat,Bosnjak Croat,1,Croat,5,1,1,25,3
72,Croat,Bosnjak Croat,2,Bosnjak,5,1,1,25,3
73,Croat,Bosnjak Croat,1,Croat,5,1,0,49,4
73,Croat,Bosnjak Croat,2,Bosnjak,5,1,0,49,4
74,Croat,Croat Serb,1,Serb,5,1,0,21,3
74,Croat,Croat Serb,2,Croat,5,1,0,21,3
75,Bosnjak,Croat Serb,1,Croat,5,1,1,20,3
75,Bosnjak,Croat Serb,2,Serb,5,1,1,20,3
76,Bosnjak,Bosnjak Serb,1,Bosnjak,6,1,1,20,3
76,Bosnjak,Bosnjak Serb,2,Serb,4,1,1,20,3
77,Serb,Bosnjak Serb,1,Bosnjak,5,1,0,26,3
77,Serb,Bosnjak Serb,2,Serb,5,1,0,26,3
78,Serb,Croat Serb,1,Serb,5,1,0,46,3
78,Serb,Croat Serb,2,Croat,5,1,0,46,3
79,Bosnjak,Bosnjak Croat,1,Croat,5,1,0,37,3
79,Bosnjak,Bosnjak Croat,2,Bosnjak,5,1,0,37,3
8,Bosnjak,Bosnjak Serb,1,Serb,5,0,0,44,3
8,Bosnjak,Bosnjak Serb,2,Bosnjak,5,0,0,44,3
80,Bosnjak,Croat Serb,1,Croat,5,0,0,42,3
80,Bosnjak,Croat Serb,2,Serb,5,0,0,42,3
81,Serb,Bosnjak Croat,1,Croat,5,0,1,39,3
81,Serb,Bosnjak Croat,2,Bosnjak,5,0,1,39,3
82,Serb,Bosnjak Croat,1,Croat,5,1,0,41,4
82,Serb,Bosnjak Croat,2,Bosnjak,5,1,0,41,4
83,Bosnjak,Croat Serb,1,Croat,9,1,1,31,3
83,Bosnjak,Croat Serb,2,Serb,1,1,1,31,3
84,Bosnjak,Bosnjak Serb,1,Bosnjak,5,0,0,28,3
84,Bosnjak,Bosnjak Serb,2,Serb,5,0,0,28,3
85,Bosnjak,Bosnjak Serb,1,Serb,5,0,1,22,3
85,Bosnjak,Bosnjak Serb,2,Bosnjak,5,0,1,22,3
86,Bosnjak,Croat Serb,1,Serb,5,0,0,40,NA
86,Bosnjak,Croat Serb,2,Croat,5,0,0,40,NA
87,Bosnjak,Bosnjak Croat,1,Bosnjak,8,1,0,28,3
87,Bosnjak,Bosnjak Croat,2,Croat,2,1,0,28,3
88,Bosnjak,Croat Serb,1,Croat,5,0,1,38,1
88,Bosnjak,Croat Serb,2,Serb,5,0,1,38,1
89,Bosnjak,Bosnjak Serb,1,Serb,10,1,1,20,3
89,Bosnjak,Bosnjak Serb,2,Bosnjak,0,1,1,20,3
9,Croat,Croat Serb,1,Croat,5,1,0,22,3
9,Croat,Croat Serb,2,Serb,5,1,0,22,3
90,Bosnjak,Bosnjak Serb,1,Serb,5,1,0,25,1
90,Bosnjak,Bosnjak Serb,2,Bosnjak,5,1,0,25,1
91,Croat,Bosnjak Serb,1,Bosnjak,5,1,1,22,3
91,Croat,Bosnjak Serb,2,Serb,5,1,1,22,3
92,Croat,Bosnjak Croat,1,Bosnjak,5,1,0,20,3
92,Croat,Bosnjak Croat,2,Croat,5,1,0,20,3
93,Croat,Bosnjak Croat,1,Croat,5,1,0,28,3
93,Croat,Bosnjak Croat,2,Bosnjak,5,1,0,28,3
94,Croat,Bosnjak Croat,1,Croat,5,1,1,23,3
94,Croat,Bosnjak Croat,2,Bosnjak,5,1,1,23,3
95,Croat,Bosnjak Croat,1,Bosnjak,5,1,1,24,3
95,Croat,Bosnjak Croat,2,Croat,5,1,1,24,3
96,Croat,Bosnjak Serb,1,Serb,8,1,1,26,3
96,Croat,Bosnjak Serb,2,Bosnjak,2,1,1,26,3
97,Croat,Bosnjak Croat,1,Croat,8,1,0,26,3
97,Croat,Bosnjak Croat,2,Bosnjak,2,1,0,26,3
98,Croat,Bosnjak Croat,1,Croat,10,1,1,20,3
98,Croat,Bosnjak Croat,2,Bosnjak,0,1,1,20,3
99,Croat,Bosnjak Croat,1,Bosnjak,0,1,0,24,3
99,Croat,Bosnjak Croat,2,Croat,10,1,0,24,3
